--
-- PostgreSQL database dump
--

\restrict 9OWnnRSMgqRpLui2mkvuWnaJww6hzQ9DDcdPDdTnsZ5aZzOzhrOo2Yh6BmOagvW

-- Dumped from database version 18.2
-- Dumped by pg_dump version 18.2

SET statement_timeout = 0;
SET lock_timeout = 0;
SET idle_in_transaction_session_timeout = 0;
SET transaction_timeout = 0;
SET client_encoding = 'UTF8';
SET standard_conforming_strings = on;
SELECT pg_catalog.set_config('search_path', '', false);
SET check_function_bodies = false;
SET xmloption = content;
SET client_min_messages = warning;
SET row_security = off;

SET default_tablespace = '';

SET default_table_access_method = heap;

--
-- Name: auth_group; Type: TABLE; Schema: public; Owner: -
--

CREATE TABLE public.auth_group (
    id integer NOT NULL,
    name character varying(150) NOT NULL
);


--
-- Name: auth_group_id_seq; Type: SEQUENCE; Schema: public; Owner: -
--

ALTER TABLE public.auth_group ALTER COLUMN id ADD GENERATED BY DEFAULT AS IDENTITY (
    SEQUENCE NAME public.auth_group_id_seq
    START WITH 1
    INCREMENT BY 1
    NO MINVALUE
    NO MAXVALUE
    CACHE 1
);


--
-- Name: auth_group_permissions; Type: TABLE; Schema: public; Owner: -
--

CREATE TABLE public.auth_group_permissions (
    id bigint NOT NULL,
    group_id integer NOT NULL,
    permission_id integer NOT NULL
);


--
-- Name: auth_group_permissions_id_seq; Type: SEQUENCE; Schema: public; Owner: -
--

ALTER TABLE public.auth_group_permissions ALTER COLUMN id ADD GENERATED BY DEFAULT AS IDENTITY (
    SEQUENCE NAME public.auth_group_permissions_id_seq
    START WITH 1
    INCREMENT BY 1
    NO MINVALUE
    NO MAXVALUE
    CACHE 1
);


--
-- Name: auth_permission; Type: TABLE; Schema: public; Owner: -
--

CREATE TABLE public.auth_permission (
    id integer NOT NULL,
    name character varying(255) NOT NULL,
    content_type_id integer NOT NULL,
    codename character varying(100) NOT NULL
);


--
-- Name: auth_permission_id_seq; Type: SEQUENCE; Schema: public; Owner: -
--

ALTER TABLE public.auth_permission ALTER COLUMN id ADD GENERATED BY DEFAULT AS IDENTITY (
    SEQUENCE NAME public.auth_permission_id_seq
    START WITH 1
    INCREMENT BY 1
    NO MINVALUE
    NO MAXVALUE
    CACHE 1
);


--
-- Name: auth_user; Type: TABLE; Schema: public; Owner: -
--

CREATE TABLE public.auth_user (
    id integer NOT NULL,
    password character varying(128) NOT NULL,
    last_login timestamp with time zone,
    is_superuser boolean NOT NULL,
    username character varying(150) NOT NULL,
    first_name character varying(150) NOT NULL,
    last_name character varying(150) NOT NULL,
    email character varying(254) NOT NULL,
    is_staff boolean NOT NULL,
    is_active boolean NOT NULL,
    date_joined timestamp with time zone NOT NULL
);


--
-- Name: auth_user_groups; Type: TABLE; Schema: public; Owner: -
--

CREATE TABLE public.auth_user_groups (
    id bigint NOT NULL,
    user_id integer NOT NULL,
    group_id integer NOT NULL
);


--
-- Name: auth_user_groups_id_seq; Type: SEQUENCE; Schema: public; Owner: -
--

ALTER TABLE public.auth_user_groups ALTER COLUMN id ADD GENERATED BY DEFAULT AS IDENTITY (
    SEQUENCE NAME public.auth_user_groups_id_seq
    START WITH 1
    INCREMENT BY 1
    NO MINVALUE
    NO MAXVALUE
    CACHE 1
);


--
-- Name: auth_user_id_seq; Type: SEQUENCE; Schema: public; Owner: -
--

ALTER TABLE public.auth_user ALTER COLUMN id ADD GENERATED BY DEFAULT AS IDENTITY (
    SEQUENCE NAME public.auth_user_id_seq
    START WITH 1
    INCREMENT BY 1
    NO MINVALUE
    NO MAXVALUE
    CACHE 1
);


--
-- Name: auth_user_user_permissions; Type: TABLE; Schema: public; Owner: -
--

CREATE TABLE public.auth_user_user_permissions (
    id bigint NOT NULL,
    user_id integer NOT NULL,
    permission_id integer NOT NULL
);


--
-- Name: auth_user_user_permissions_id_seq; Type: SEQUENCE; Schema: public; Owner: -
--

ALTER TABLE public.auth_user_user_permissions ALTER COLUMN id ADD GENERATED BY DEFAULT AS IDENTITY (
    SEQUENCE NAME public.auth_user_user_permissions_id_seq
    START WITH 1
    INCREMENT BY 1
    NO MINVALUE
    NO MAXVALUE
    CACHE 1
);


--
-- Name: caracter_mobi; Type: TABLE; Schema: public; Owner: -
--

CREATE TABLE public.caracter_mobi (
    id bigint NOT NULL,
    descripcion character varying(550) NOT NULL
);


--
-- Name: caracter_mobi_id_seq; Type: SEQUENCE; Schema: public; Owner: -
--

ALTER TABLE public.caracter_mobi ALTER COLUMN id ADD GENERATED BY DEFAULT AS IDENTITY (
    SEQUENCE NAME public.caracter_mobi_id_seq
    START WITH 1
    INCREMENT BY 1
    NO MINVALUE
    NO MAXVALUE
    CACHE 1
);


--
-- Name: concepto_pago; Type: TABLE; Schema: public; Owner: -
--

CREATE TABLE public.concepto_pago (
    codigo character varying(5) NOT NULL,
    nombre character varying(100) NOT NULL
);


--
-- Name: cuenta; Type: TABLE; Schema: public; Owner: -
--

CREATE TABLE public.cuenta (
    id bigint NOT NULL,
    nombre_usuario character varying(100) NOT NULL,
    correo_electronico character varying(254) NOT NULL,
    estado_cuenta_id character varying(5) NOT NULL,
    firebase_uid character varying(255)
);


--
-- Name: cuenta_id_seq; Type: SEQUENCE; Schema: public; Owner: -
--

ALTER TABLE public.cuenta ALTER COLUMN id ADD GENERATED BY DEFAULT AS IDENTITY (
    SEQUENCE NAME public.cuenta_id_seq
    START WITH 1
    INCREMENT BY 1
    NO MINVALUE
    NO MAXVALUE
    CACHE 1
);


--
-- Name: datos_cliente; Type: TABLE; Schema: public; Owner: -
--

CREATE TABLE public.datos_cliente (
    id bigint NOT NULL,
    rfc character varying(13) NOT NULL,
    nombre_fiscal character varying(150) NOT NULL,
    nombre character varying(150) NOT NULL,
    "apellidoPaterno" character varying(150) NOT NULL,
    "apelidoMaterno" character varying(150),
    telefono character varying(15) NOT NULL,
    correo_electronico character varying(254) NOT NULL,
    dir_colonia character varying(150) NOT NULL,
    dir_calle character varying(150) NOT NULL,
    dir_numero character varying(50) NOT NULL,
    cuenta_id bigint,
    tipo_cliente_id character varying(5) NOT NULL
);


--
-- Name: datos_cliente_id_seq; Type: SEQUENCE; Schema: public; Owner: -
--

ALTER TABLE public.datos_cliente ALTER COLUMN id ADD GENERATED BY DEFAULT AS IDENTITY (
    SEQUENCE NAME public.datos_cliente_id_seq
    START WITH 1
    INCREMENT BY 1
    NO MINVALUE
    NO MAXVALUE
    CACHE 1
);


--
-- Name: django_admin_log; Type: TABLE; Schema: public; Owner: -
--

CREATE TABLE public.django_admin_log (
    id integer NOT NULL,
    action_time timestamp with time zone NOT NULL,
    object_id text,
    object_repr character varying(200) NOT NULL,
    action_flag smallint NOT NULL,
    change_message text NOT NULL,
    content_type_id integer,
    user_id integer NOT NULL,
    CONSTRAINT django_admin_log_action_flag_check CHECK ((action_flag >= 0))
);


--
-- Name: django_admin_log_id_seq; Type: SEQUENCE; Schema: public; Owner: -
--

ALTER TABLE public.django_admin_log ALTER COLUMN id ADD GENERATED BY DEFAULT AS IDENTITY (
    SEQUENCE NAME public.django_admin_log_id_seq
    START WITH 1
    INCREMENT BY 1
    NO MINVALUE
    NO MAXVALUE
    CACHE 1
);


--
-- Name: django_content_type; Type: TABLE; Schema: public; Owner: -
--

CREATE TABLE public.django_content_type (
    id integer NOT NULL,
    app_label character varying(100) NOT NULL,
    model character varying(100) NOT NULL
);


--
-- Name: django_content_type_id_seq; Type: SEQUENCE; Schema: public; Owner: -
--

ALTER TABLE public.django_content_type ALTER COLUMN id ADD GENERATED BY DEFAULT AS IDENTITY (
    SEQUENCE NAME public.django_content_type_id_seq
    START WITH 1
    INCREMENT BY 1
    NO MINVALUE
    NO MAXVALUE
    CACHE 1
);


--
-- Name: django_migrations; Type: TABLE; Schema: public; Owner: -
--

CREATE TABLE public.django_migrations (
    id bigint NOT NULL,
    app character varying(255) NOT NULL,
    name character varying(255) NOT NULL,
    applied timestamp with time zone NOT NULL
);


--
-- Name: django_migrations_id_seq; Type: SEQUENCE; Schema: public; Owner: -
--

ALTER TABLE public.django_migrations ALTER COLUMN id ADD GENERATED BY DEFAULT AS IDENTITY (
    SEQUENCE NAME public.django_migrations_id_seq
    START WITH 1
    INCREMENT BY 1
    NO MINVALUE
    NO MAXVALUE
    CACHE 1
);


--
-- Name: django_session; Type: TABLE; Schema: public; Owner: -
--

CREATE TABLE public.django_session (
    session_key character varying(40) NOT NULL,
    session_data text NOT NULL,
    expire_date timestamp with time zone NOT NULL
);


--
-- Name: encuesta; Type: TABLE; Schema: public; Owner: -
--

CREATE TABLE public.encuesta (
    id bigint NOT NULL,
    personal integer NOT NULL,
    equipamiento integer NOT NULL,
    servicios integer NOT NULL,
    salon integer NOT NULL,
    mobiliario integer NOT NULL,
    reservacion_id bigint NOT NULL
);


--
-- Name: encuesta_id_seq; Type: SEQUENCE; Schema: public; Owner: -
--

ALTER TABLE public.encuesta ALTER COLUMN id ADD GENERATED BY DEFAULT AS IDENTITY (
    SEQUENCE NAME public.encuesta_id_seq
    START WITH 1
    INCREMENT BY 1
    NO MINVALUE
    NO MAXVALUE
    CACHE 1
);


--
-- Name: equipamiento; Type: TABLE; Schema: public; Owner: -
--

CREATE TABLE public.equipamiento (
    id bigint NOT NULL,
    nombre character varying(75) NOT NULL,
    descripcion character varying(550) NOT NULL,
    costo numeric(10,2) NOT NULL,
    stock integer NOT NULL,
    tipo_equipa_id bigint NOT NULL
);


--
-- Name: equipamiento_id_seq; Type: SEQUENCE; Schema: public; Owner: -
--

ALTER TABLE public.equipamiento ALTER COLUMN id ADD GENERATED BY DEFAULT AS IDENTITY (
    SEQUENCE NAME public.equipamiento_id_seq
    START WITH 1
    INCREMENT BY 1
    NO MINVALUE
    NO MAXVALUE
    CACHE 1
);


--
-- Name: estado_cuenta; Type: TABLE; Schema: public; Owner: -
--

CREATE TABLE public.estado_cuenta (
    codigo character varying(5) NOT NULL,
    nombre character varying(100) NOT NULL
);


--
-- Name: estado_equipa; Type: TABLE; Schema: public; Owner: -
--

CREATE TABLE public.estado_equipa (
    codigo character varying(5) NOT NULL,
    nombre character varying(100) NOT NULL
);


--
-- Name: estado_mobil; Type: TABLE; Schema: public; Owner: -
--

CREATE TABLE public.estado_mobil (
    codigo character varying(5) NOT NULL,
    nombre character varying(100) NOT NULL
);


--
-- Name: estado_reserva; Type: TABLE; Schema: public; Owner: -
--

CREATE TABLE public.estado_reserva (
    codigo character varying(5) NOT NULL,
    nombre character varying(100) NOT NULL
);


--
-- Name: estado_salon; Type: TABLE; Schema: public; Owner: -
--

CREATE TABLE public.estado_salon (
    codigo character varying(5) NOT NULL,
    nombre character varying(100) NOT NULL
);


--
-- Name: inventario_equipa; Type: TABLE; Schema: public; Owner: -
--

CREATE TABLE public.inventario_equipa (
    id bigint NOT NULL,
    cantidad integer NOT NULL,
    equipamiento_id bigint NOT NULL,
    estado_equipa_id character varying(5) NOT NULL
);


--
-- Name: inventario_equipa_id_seq; Type: SEQUENCE; Schema: public; Owner: -
--

ALTER TABLE public.inventario_equipa ALTER COLUMN id ADD GENERATED BY DEFAULT AS IDENTITY (
    SEQUENCE NAME public.inventario_equipa_id_seq
    START WITH 1
    INCREMENT BY 1
    NO MINVALUE
    NO MAXVALUE
    CACHE 1
);


--
-- Name: inventario_mobil; Type: TABLE; Schema: public; Owner: -
--

CREATE TABLE public.inventario_mobil (
    id bigint NOT NULL,
    cantidad integer NOT NULL,
    estado_mobil_id character varying(5) NOT NULL,
    mobiliario_id bigint NOT NULL
);


--
-- Name: inventario_mobil_id_seq; Type: SEQUENCE; Schema: public; Owner: -
--

ALTER TABLE public.inventario_mobil ALTER COLUMN id ADD GENERATED BY DEFAULT AS IDENTITY (
    SEQUENCE NAME public.inventario_mobil_id_seq
    START WITH 1
    INCREMENT BY 1
    NO MINVALUE
    NO MAXVALUE
    CACHE 1
);


--
-- Name: metodo_pago; Type: TABLE; Schema: public; Owner: -
--

CREATE TABLE public.metodo_pago (
    codigo character varying(5) NOT NULL,
    nombre character varying(100) NOT NULL
);


--
-- Name: mobiliario; Type: TABLE; Schema: public; Owner: -
--

CREATE TABLE public.mobiliario (
    id bigint NOT NULL,
    nombre character varying(75) NOT NULL,
    descripcion character varying(550) NOT NULL,
    costo numeric(10,2) NOT NULL,
    stock integer NOT NULL,
    tipo_movil_id bigint NOT NULL
);


--
-- Name: mobiliario_descripcion_mob; Type: TABLE; Schema: public; Owner: -
--

CREATE TABLE public.mobiliario_descripcion_mob (
    id bigint NOT NULL,
    mobiliario_id bigint NOT NULL,
    caractermobil_id bigint NOT NULL
);


--
-- Name: mobiliario_descripcion_mob_id_seq; Type: SEQUENCE; Schema: public; Owner: -
--

ALTER TABLE public.mobiliario_descripcion_mob ALTER COLUMN id ADD GENERATED BY DEFAULT AS IDENTITY (
    SEQUENCE NAME public.mobiliario_descripcion_mob_id_seq
    START WITH 1
    INCREMENT BY 1
    NO MINVALUE
    NO MAXVALUE
    CACHE 1
);


--
-- Name: mobiliario_id_seq; Type: SEQUENCE; Schema: public; Owner: -
--

ALTER TABLE public.mobiliario ALTER COLUMN id ADD GENERATED BY DEFAULT AS IDENTITY (
    SEQUENCE NAME public.mobiliario_id_seq
    START WITH 1
    INCREMENT BY 1
    NO MINVALUE
    NO MAXVALUE
    CACHE 1
);


--
-- Name: montaje; Type: TABLE; Schema: public; Owner: -
--

CREATE TABLE public.montaje (
    id bigint NOT NULL,
    costo numeric(10,2),
    salon_id bigint NOT NULL,
    tipo_montaje_id bigint NOT NULL
);


--
-- Name: montaje_id_seq; Type: SEQUENCE; Schema: public; Owner: -
--

ALTER TABLE public.montaje ALTER COLUMN id ADD GENERATED BY DEFAULT AS IDENTITY (
    SEQUENCE NAME public.montaje_id_seq
    START WITH 1
    INCREMENT BY 1
    NO MINVALUE
    NO MAXVALUE
    CACHE 1
);


--
-- Name: montaje_mobiliario; Type: TABLE; Schema: public; Owner: -
--

CREATE TABLE public.montaje_mobiliario (
    id bigint CONSTRAINT montaje_mobilairio_id_not_null NOT NULL,
    cantidad integer CONSTRAINT montaje_mobilairio_cantidad_not_null NOT NULL,
    completado boolean,
    mobiliario_id bigint CONSTRAINT montaje_mobilairio_mobiliario_id_not_null NOT NULL,
    montaje_id bigint CONSTRAINT montaje_mobilairio_montaje_id_not_null NOT NULL,
    extra boolean
);


--
-- Name: montaje_mobilairio_id_seq; Type: SEQUENCE; Schema: public; Owner: -
--

ALTER TABLE public.montaje_mobiliario ALTER COLUMN id ADD GENERATED BY DEFAULT AS IDENTITY (
    SEQUENCE NAME public.montaje_mobilairio_id_seq
    START WITH 1
    INCREMENT BY 1
    NO MINVALUE
    NO MAXVALUE
    CACHE 1
);


--
-- Name: pago; Type: TABLE; Schema: public; Owner: -
--

CREATE TABLE public.pago (
    id bigint NOT NULL,
    nota character varying(100) NOT NULL,
    monto numeric(10,2) NOT NULL,
    fecha date NOT NULL,
    hora time without time zone NOT NULL,
    no_pago integer NOT NULL,
    concepto_pago_id character varying(5) NOT NULL,
    metodo_pago_id character varying(5) NOT NULL,
    reservacion_id bigint NOT NULL,
    saldo numeric(10,2) NOT NULL
);


--
-- Name: pago_id_seq; Type: SEQUENCE; Schema: public; Owner: -
--

ALTER TABLE public.pago ALTER COLUMN id ADD GENERATED BY DEFAULT AS IDENTITY (
    SEQUENCE NAME public.pago_id_seq
    START WITH 1
    INCREMENT BY 1
    NO MINVALUE
    NO MAXVALUE
    CACHE 1
);


--
-- Name: registr_esta_reserva; Type: TABLE; Schema: public; Owner: -
--

CREATE TABLE public.registr_esta_reserva (
    id bigint NOT NULL,
    fecha date,
    estado_reserva_id character varying(5) NOT NULL,
    reservacion_id bigint NOT NULL
);


--
-- Name: registr_esta_reserva_id_seq; Type: SEQUENCE; Schema: public; Owner: -
--

ALTER TABLE public.registr_esta_reserva ALTER COLUMN id ADD GENERATED BY DEFAULT AS IDENTITY (
    SEQUENCE NAME public.registr_esta_reserva_id_seq
    START WITH 1
    INCREMENT BY 1
    NO MINVALUE
    NO MAXVALUE
    CACHE 1
);


--
-- Name: registr_esta_salon; Type: TABLE; Schema: public; Owner: -
--

CREATE TABLE public.registr_esta_salon (
    id bigint NOT NULL,
    fecha date,
    estado_salon_id character varying(5) NOT NULL,
    salon_id bigint NOT NULL
);


--
-- Name: registr_esta_salon_id_seq; Type: SEQUENCE; Schema: public; Owner: -
--

ALTER TABLE public.registr_esta_salon ALTER COLUMN id ADD GENERATED BY DEFAULT AS IDENTITY (
    SEQUENCE NAME public.registr_esta_salon_id_seq
    START WITH 1
    INCREMENT BY 1
    NO MINVALUE
    NO MAXVALUE
    CACHE 1
);


--
-- Name: reserva_equipa; Type: TABLE; Schema: public; Owner: -
--

CREATE TABLE public.reserva_equipa (
    id bigint NOT NULL,
    cantidad integer NOT NULL,
    equipamiento_id bigint NOT NULL,
    reservacion_id bigint NOT NULL,
    completado boolean,
    extra boolean
);


--
-- Name: reserva_equipa_id_seq; Type: SEQUENCE; Schema: public; Owner: -
--

ALTER TABLE public.reserva_equipa ALTER COLUMN id ADD GENERATED BY DEFAULT AS IDENTITY (
    SEQUENCE NAME public.reserva_equipa_id_seq
    START WITH 1
    INCREMENT BY 1
    NO MINVALUE
    NO MAXVALUE
    CACHE 1
);


--
-- Name: reserva_servicio; Type: TABLE; Schema: public; Owner: -
--

CREATE TABLE public.reserva_servicio (
    id bigint NOT NULL,
    extra boolean,
    reservacion_id bigint NOT NULL,
    servicio_id bigint NOT NULL
);


--
-- Name: reserva_servicio_id_seq; Type: SEQUENCE; Schema: public; Owner: -
--

ALTER TABLE public.reserva_servicio ALTER COLUMN id ADD GENERATED BY DEFAULT AS IDENTITY (
    SEQUENCE NAME public.reserva_servicio_id_seq
    START WITH 1
    INCREMENT BY 1
    NO MINVALUE
    NO MAXVALUE
    CACHE 1
);


--
-- Name: reservacion; Type: TABLE; Schema: public; Owner: -
--

CREATE TABLE public.reservacion (
    id bigint NOT NULL,
    "descripEvento" character varying(550) NOT NULL,
    "estimaAsistentes" integer,
    "fechaReservacion" date NOT NULL,
    "fechaEvento" date,
    "horaInicio" time without time zone,
    "horaFin" time without time zone,
    subtotal numeric(10,2),
    "IVA" numeric(10,2),
    total numeric(10,2),
    cliente_id bigint,
    estado_reserva_id character varying(5) NOT NULL,
    montaje_id bigint,
    tipo_evento_id bigint NOT NULL,
    "nombreEvento" character varying(100) NOT NULL,
    trabajador_id character varying(10),
    es_paquete boolean NOT NULL,
    nombre_paquete character varying(100) NOT NULL,
    checklist_coordinador jsonb DEFAULT '{}'::jsonb,
    checklist_almacenista jsonb DEFAULT '{}'::jsonb,
    progreso_checklist double precision DEFAULT 0.0
);


--
-- Name: reservacion_id_seq; Type: SEQUENCE; Schema: public; Owner: -
--

ALTER TABLE public.reservacion ALTER COLUMN id ADD GENERATED BY DEFAULT AS IDENTITY (
    SEQUENCE NAME public.reservacion_id_seq
    START WITH 1
    INCREMENT BY 1
    NO MINVALUE
    NO MAXVALUE
    CACHE 1
);


--
-- Name: rol; Type: TABLE; Schema: public; Owner: -
--

CREATE TABLE public.rol (
    codigo character varying(5) NOT NULL,
    nombre character varying(100) NOT NULL
);


--
-- Name: salon; Type: TABLE; Schema: public; Owner: -
--

CREATE TABLE public.salon (
    id bigint NOT NULL,
    nombre character varying(50) NOT NULL,
    costo numeric(10,2) NOT NULL,
    ubicacion character varying(100) NOT NULL,
    "dimenLargo" numeric(10,2) NOT NULL,
    "dimenAncho" numeric(10,2) NOT NULL,
    "dimenAlto" numeric(10,2) NOT NULL,
    "metrosCuadrados" numeric(10,2) NOT NULL,
    "maxCapacidad" integer NOT NULL,
    estado_salon_id character varying(5) NOT NULL
);


--
-- Name: salon_id_seq; Type: SEQUENCE; Schema: public; Owner: -
--

ALTER TABLE public.salon ALTER COLUMN id ADD GENERATED BY DEFAULT AS IDENTITY (
    SEQUENCE NAME public.salon_id_seq
    START WITH 1
    INCREMENT BY 1
    NO MINVALUE
    NO MAXVALUE
    CACHE 1
);


--
-- Name: servicio; Type: TABLE; Schema: public; Owner: -
--

CREATE TABLE public.servicio (
    id bigint NOT NULL,
    nombre character varying(75) NOT NULL,
    descripcion character varying(550) NOT NULL,
    costo numeric(10,2) NOT NULL,
    disposicion boolean NOT NULL,
    tipo_servicio_id bigint NOT NULL
);


--
-- Name: servicio_id_seq; Type: SEQUENCE; Schema: public; Owner: -
--

ALTER TABLE public.servicio ALTER COLUMN id ADD GENERATED BY DEFAULT AS IDENTITY (
    SEQUENCE NAME public.servicio_id_seq
    START WITH 1
    INCREMENT BY 1
    NO MINVALUE
    NO MAXVALUE
    CACHE 1
);


--
-- Name: tipo_cliente; Type: TABLE; Schema: public; Owner: -
--

CREATE TABLE public.tipo_cliente (
    codigo character varying(5) NOT NULL,
    nombre character varying(100) NOT NULL,
    disposicion boolean NOT NULL
);


--
-- Name: tipo_equipa; Type: TABLE; Schema: public; Owner: -
--

CREATE TABLE public.tipo_equipa (
    id bigint NOT NULL,
    nombre character varying(100) NOT NULL,
    disposicion boolean NOT NULL
);


--
-- Name: tipo_equipa_id_seq; Type: SEQUENCE; Schema: public; Owner: -
--

ALTER TABLE public.tipo_equipa ALTER COLUMN id ADD GENERATED BY DEFAULT AS IDENTITY (
    SEQUENCE NAME public.tipo_equipa_id_seq
    START WITH 1
    INCREMENT BY 1
    NO MINVALUE
    NO MAXVALUE
    CACHE 1
);


--
-- Name: tipo_evento; Type: TABLE; Schema: public; Owner: -
--

CREATE TABLE public.tipo_evento (
    id bigint NOT NULL,
    nombre character varying(100) NOT NULL,
    disposicion boolean NOT NULL
);


--
-- Name: tipo_evento_id_seq; Type: SEQUENCE; Schema: public; Owner: -
--

ALTER TABLE public.tipo_evento ALTER COLUMN id ADD GENERATED BY DEFAULT AS IDENTITY (
    SEQUENCE NAME public.tipo_evento_id_seq
    START WITH 1
    INCREMENT BY 1
    NO MINVALUE
    NO MAXVALUE
    CACHE 1
);


--
-- Name: tipo_mobil; Type: TABLE; Schema: public; Owner: -
--

CREATE TABLE public.tipo_mobil (
    id bigint NOT NULL,
    nombre character varying(100) NOT NULL,
    disposicion boolean NOT NULL
);


--
-- Name: tipo_mobil_id_seq; Type: SEQUENCE; Schema: public; Owner: -
--

ALTER TABLE public.tipo_mobil ALTER COLUMN id ADD GENERATED BY DEFAULT AS IDENTITY (
    SEQUENCE NAME public.tipo_mobil_id_seq
    START WITH 1
    INCREMENT BY 1
    NO MINVALUE
    NO MAXVALUE
    CACHE 1
);


--
-- Name: tipo_montaje; Type: TABLE; Schema: public; Owner: -
--

CREATE TABLE public.tipo_montaje (
    id bigint NOT NULL,
    nombre character varying(100) NOT NULL,
    disposicion boolean NOT NULL,
    "capacidadIdeal" integer DEFAULT 0
);


--
-- Name: tipo_montaje_id_seq; Type: SEQUENCE; Schema: public; Owner: -
--

ALTER TABLE public.tipo_montaje ALTER COLUMN id ADD GENERATED BY DEFAULT AS IDENTITY (
    SEQUENCE NAME public.tipo_montaje_id_seq
    START WITH 1
    INCREMENT BY 1
    NO MINVALUE
    NO MAXVALUE
    CACHE 1
);


--
-- Name: tipo_servicio; Type: TABLE; Schema: public; Owner: -
--

CREATE TABLE public.tipo_servicio (
    id bigint NOT NULL,
    nombre character varying(100) NOT NULL,
    descripcion character varying(550) NOT NULL,
    disposicion boolean NOT NULL
);


--
-- Name: tipo_servicio_id_seq; Type: SEQUENCE; Schema: public; Owner: -
--

ALTER TABLE public.tipo_servicio ALTER COLUMN id ADD GENERATED BY DEFAULT AS IDENTITY (
    SEQUENCE NAME public.tipo_servicio_id_seq
    START WITH 1
    INCREMENT BY 1
    NO MINVALUE
    NO MAXVALUE
    CACHE 1
);


--
-- Name: trabajador; Type: TABLE; Schema: public; Owner: -
--

CREATE TABLE public.trabajador (
    no_empleado character varying(10) NOT NULL,
    rfc character varying(13) NOT NULL,
    nombre character varying(150) NOT NULL,
    "apellidoPaterno" character varying(150) NOT NULL,
    "apelidoMaterno" character varying(150),
    telefono character varying(15) NOT NULL,
    correo_electronico character varying(254) NOT NULL,
    cuenta_id bigint NOT NULL,
    rol_id character varying(5) NOT NULL
);


--
-- Data for Name: auth_group; Type: TABLE DATA; Schema: public; Owner: -
--

COPY public.auth_group (id, name) FROM stdin;
\.


--
-- Data for Name: auth_group_permissions; Type: TABLE DATA; Schema: public; Owner: -
--

COPY public.auth_group_permissions (id, group_id, permission_id) FROM stdin;
\.


--
-- Data for Name: auth_permission; Type: TABLE DATA; Schema: public; Owner: -
--

COPY public.auth_permission (id, name, content_type_id, codename) FROM stdin;
1	Can add log entry	1	add_logentry
2	Can change log entry	1	change_logentry
3	Can delete log entry	1	delete_logentry
4	Can view log entry	1	view_logentry
5	Can add permission	3	add_permission
6	Can change permission	3	change_permission
7	Can delete permission	3	delete_permission
8	Can view permission	3	view_permission
9	Can add group	2	add_group
10	Can change group	2	change_group
11	Can delete group	2	delete_group
12	Can view group	2	view_group
13	Can add user	4	add_user
14	Can change user	4	change_user
15	Can delete user	4	delete_user
16	Can view user	4	view_user
17	Can add content type	5	add_contenttype
18	Can change content type	5	change_contenttype
19	Can delete content type	5	delete_contenttype
20	Can view content type	5	view_contenttype
21	Can add session	6	add_session
22	Can change session	6	change_session
23	Can delete session	6	delete_session
24	Can view session	6	view_session
25	Can add Tipo de servicio	37	add_tiposervicio
26	Can change Tipo de servicio	37	change_tiposervicio
27	Can delete Tipo de servicio	37	delete_tiposervicio
28	Can view Tipo de servicio	37	view_tiposervicio
29	Can add Estado de cuenta	13	add_estadocuenta
30	Can change Estado de cuenta	13	change_estadocuenta
31	Can delete Estado de cuenta	13	delete_estadocuenta
32	Can view Estado de cuenta	13	view_estadocuenta
33	Can add Rol	29	add_rol
34	Can change Rol	29	change_rol
35	Can delete Rol	29	delete_rol
36	Can view Rol	29	view_rol
37	Can add Tipo de cliente	32	add_tipocliente
38	Can change Tipo de cliente	32	change_tipocliente
39	Can delete Tipo de cliente	32	delete_tipocliente
40	Can view Tipo de cliente	32	view_tipocliente
41	Can add Cuenta	9	add_cuenta
42	Can change Cuenta	9	change_cuenta
43	Can delete Cuenta	9	delete_cuenta
44	Can view Cuenta	9	view_cuenta
45	Can add Datos del cliente	10	add_datoscliente
46	Can change Datos del cliente	10	change_datoscliente
47	Can delete Datos del cliente	10	delete_datoscliente
48	Can view Datos del cliente	10	view_datoscliente
49	Can add Trabajador	38	add_trabajador
50	Can change Trabajador	38	change_trabajador
51	Can delete Trabajador	38	delete_trabajador
52	Can view Trabajador	38	view_trabajador
53	Can add Característica de mobiliario	7	add_caractermobil
54	Can change Característica de mobiliario	7	change_caractermobil
55	Can delete Característica de mobiliario	7	delete_caractermobil
56	Can view Característica de mobiliario	7	view_caractermobil
57	Can add Concepto de pago	8	add_conceptopago
58	Can change Concepto de pago	8	change_conceptopago
59	Can delete Concepto de pago	8	delete_conceptopago
60	Can view Concepto de pago	8	view_conceptopago
61	Can add Equipamiento	12	add_equipamiento
62	Can change Equipamiento	12	change_equipamiento
63	Can delete Equipamiento	12	delete_equipamiento
64	Can view Equipamiento	12	view_equipamiento
65	Can add Estado de equipamiento	14	add_estadoequipa
66	Can change Estado de equipamiento	14	change_estadoequipa
67	Can delete Estado de equipamiento	14	delete_estadoequipa
68	Can view Estado de equipamiento	14	view_estadoequipa
69	Can add Estado de mobiliario	15	add_estadomobil
70	Can change Estado de mobiliario	15	change_estadomobil
71	Can delete Estado de mobiliario	15	delete_estadomobil
72	Can view Estado de mobiliario	15	view_estadomobil
73	Can add Estado de reservacion	16	add_estadoreserva
74	Can change Estado de reservacion	16	change_estadoreserva
75	Can delete Estado de reservacion	16	delete_estadoreserva
76	Can view Estado de reservacion	16	view_estadoreserva
77	Can add Estado de salón	17	add_estadosalon
78	Can change Estado de salón	17	change_estadosalon
79	Can delete Estado de salón	17	delete_estadosalon
80	Can view Estado de salón	17	view_estadosalon
81	Can add Método de pago	20	add_metodopago
82	Can change Método de pago	20	change_metodopago
83	Can delete Método de pago	20	delete_metodopago
84	Can view Método de pago	20	view_metodopago
85	Can add Montaje	22	add_montaje
86	Can change Montaje	22	change_montaje
87	Can delete Montaje	22	delete_montaje
88	Can view Montaje	22	view_montaje
89	Can add Tipo de equipamiento	33	add_tipoequipa
90	Can change Tipo de equipamiento	33	change_tipoequipa
91	Can delete Tipo de equipamiento	33	delete_tipoequipa
92	Can view Tipo de equipamiento	33	view_tipoequipa
93	Can add Tipo de evento	34	add_tipoevento
94	Can change Tipo de evento	34	change_tipoevento
95	Can delete Tipo de evento	34	delete_tipoevento
96	Can view Tipo de evento	34	view_tipoevento
97	Can add Tipo de mobiliario	35	add_tipomobil
98	Can change Tipo de mobiliario	35	change_tipomobil
99	Can delete Tipo de mobiliario	35	delete_tipomobil
100	Can view Tipo de mobiliario	35	view_tipomobil
101	Can add Tipo de montaje	36	add_tipomontaje
102	Can change Tipo de montaje	36	change_tipomontaje
103	Can delete Tipo de montaje	36	delete_tipomontaje
104	Can view Tipo de montaje	36	view_tipomontaje
105	Can add Mobiliario	21	add_mobiliario
106	Can change Mobiliario	21	change_mobiliario
107	Can delete Mobiliario	21	delete_mobiliario
108	Can view Mobiliario	21	view_mobiliario
109	Can add Mobiliarios de un montaje	23	add_montajemobiliario
110	Can change Mobiliarios de un montaje	23	change_montajemobiliario
111	Can delete Mobiliarios de un montaje	23	delete_montajemobiliario
112	Can view Mobiliarios de un montaje	23	view_montajemobiliario
113	Can add Reservacion	27	add_reservacion
114	Can change Reservacion	27	change_reservacion
115	Can delete Reservacion	27	delete_reservacion
116	Can view Reservacion	27	view_reservacion
117	Can add Registro de estado de reservacion	25	add_registrestadreserva
118	Can change Registro de estado de reservacion	25	change_registrestadreserva
119	Can delete Registro de estado de reservacion	25	delete_registrestadreserva
120	Can view Registro de estado de reservacion	25	view_registrestadreserva
121	Can add Pago	24	add_pago
122	Can change Pago	24	change_pago
123	Can delete Pago	24	delete_pago
124	Can view Pago	24	view_pago
125	Can add Encuesta	11	add_encuesta
126	Can change Encuesta	11	change_encuesta
127	Can delete Encuesta	11	delete_encuesta
128	Can view Encuesta	11	view_encuesta
129	Can add Equipamientos de reservacion	28	add_reservaequipa
130	Can change Equipamientos de reservacion	28	change_reservaequipa
131	Can delete Equipamientos de reservacion	28	delete_reservaequipa
132	Can view Equipamientos de reservacion	28	view_reservaequipa
133	Can add Salon	30	add_salon
134	Can change Salon	30	change_salon
135	Can delete Salon	30	delete_salon
136	Can view Salon	30	view_salon
137	Can add Registro de estado de salon	26	add_registrestadsalon
138	Can change Registro de estado de salon	26	change_registrestadsalon
139	Can delete Registro de estado de salon	26	delete_registrestadsalon
140	Can view Registro de estado de salon	26	view_registrestadsalon
141	Can add Servicio	31	add_servicio
142	Can change Servicio	31	change_servicio
143	Can delete Servicio	31	delete_servicio
144	Can view Servicio	31	view_servicio
145	Can add Inventario de equipamiento	18	add_inventarioequipa
146	Can change Inventario de equipamiento	18	change_inventarioequipa
147	Can delete Inventario de equipamiento	18	delete_inventarioequipa
148	Can view Inventario de equipamiento	18	view_inventarioequipa
149	Can add Inventario de mobilario	19	add_inventariomob
150	Can change Inventario de mobilario	19	change_inventariomob
151	Can delete Inventario de mobilario	19	delete_inventariomob
152	Can view Inventario de mobilario	19	view_inventariomob
153	Can add Servicios de reservacion	39	add_reservaservicio
154	Can change Servicios de reservacion	39	change_reservaservicio
155	Can delete Servicios de reservacion	39	delete_reservaservicio
156	Can view Servicios de reservacion	39	view_reservaservicio
\.


--
-- Data for Name: auth_user; Type: TABLE DATA; Schema: public; Owner: -
--

COPY public.auth_user (id, password, last_login, is_superuser, username, first_name, last_name, email, is_staff, is_active, date_joined) FROM stdin;
2	pbkdf2_sha256$1200000$Yz7EgQY9ARRpkCig3z7nz9$vFMSpbYVuhEfQk2t/kA96d20HtiTmAEccQ5NgM7v8Yg=	2026-04-13 22:35:21.776875-07	t	pepe			pepe@gmail.com	t	t	2026-04-02 16:02:19.80223-07
1	pbkdf2_sha256$1200000$cvy1KYsXStqCYNiJIv2ykf$HS0K+lKKXAjUaON+Ie80t3Yd5xdSwmdsWEQ9AaiShKc=	2026-03-27 21:41:13.081772-07	t	luisdgr			luisdagallardo@gmail.com	t	t	2026-03-25 13:14:07.018008-07
\.


--
-- Data for Name: auth_user_groups; Type: TABLE DATA; Schema: public; Owner: -
--

COPY public.auth_user_groups (id, user_id, group_id) FROM stdin;
\.


--
-- Data for Name: auth_user_user_permissions; Type: TABLE DATA; Schema: public; Owner: -
--

COPY public.auth_user_user_permissions (id, user_id, permission_id) FROM stdin;
\.


--
-- Data for Name: caracter_mobi; Type: TABLE DATA; Schema: public; Owner: -
--

COPY public.caracter_mobi (id, descripcion) FROM stdin;
1	Aaaa
\.


--
-- Data for Name: concepto_pago; Type: TABLE DATA; Schema: public; Owner: -
--

COPY public.concepto_pago (codigo, nombre) FROM stdin;
ANTIC	Anticipo
LIQUI	Liquidacion
EXTR	Extra
ABONO	Abono
PENAL	Penalizacion
\.


--
-- Data for Name: cuenta; Type: TABLE DATA; Schema: public; Owner: -
--

COPY public.cuenta (id, nombre_usuario, correo_electronico, estado_cuenta_id, firebase_uid) FROM stdin;
2	Juan	juan.perez@email.com	ACT	\N
3	Maria	maria.lopez@email.com	ACT	\N
4	Carlos	carlos.ramirez@email.com	ACT	\N
5	pepecliente	luisd.gramirez@gmail.com	ACT	P9LmpbBGJEOIDbLrQUASN6BbMIW2
8	gerardo.aguilar	gerardo.aguilar@montecarlo.com	ACT	\N
9	maria.lopez	maria.lopez@montecarlo.com	ACT	\N
10	carlos.mendoza	carlos.mendoza@montecarlo.com	ACT	\N
11	empresa.techsoft	contacto@techsoft.mx	ACT	\N
12	laura.rivas	laura.rivas@gmail.com	ACT	\N
13	eventos.corp	ventas@eventcorp.com	ACT	\N
14	roberto.gomez	roberto.gomez@outlook.com	ACT	\N
15	maria.garcia	maria.garcia@yahoo.com	ACT	\N
16	Davidgr	ldavidgrdrmz@gmail.com	ACT	qOO2959VXKQdlbsZLcGwBJ1wvyB3
1	LuisDgr	luisdagallardo@gmail.com	ACT	7A2duPu23vQuxZMLc0xxp2ZS9VX2
\.


--
-- Data for Name: datos_cliente; Type: TABLE DATA; Schema: public; Owner: -
--

COPY public.datos_cliente (id, rfc, nombre_fiscal, nombre, "apellidoPaterno", "apelidoMaterno", telefono, correo_electronico, dir_colonia, dir_calle, dir_numero, cuenta_id, tipo_cliente_id) FROM stdin;
1	TSO150822TX3	TechSoft de Mexico S.A. de C.V.	TechSoft	Sistemas	\N	6644443322	contacto@techsoft.mx	Zona Rio	Paseo de los Heroes	990	11	MOR
2	RIVL920130F12	Laura Rivas Gonzalez	Laura	Rivas	Gonzalez	6641110099	laura.rivas@gmail.com	Otay	Tecnologico	45	12	FIS
3	ECOR100101ABC	Eventos Corporativos SA	Eventos	Corp	\N	6642228877	ventas@eventcorp.com	Centro	Calle 5ta	88	13	MOR
4	GOMR750615M23	Roberto Gomez Lara	Roberto	Gomez	Lara	6643334455	roberto.gomez@outlook.com	Playas	Paseo Ensenada	312	14	FIS
5	GARC920405J77	Maria Garcia Perez	Maria	Garcia	Perez	6647778899	maria.garcia@yahoo.com	Chapultepec	Circuito	150	15	FIS
6	ABAB1234578	Salvador  Gallardo Ramirez 	Salvador 	Gallardo	Ramirez 	6632021919	luisd.gramirez@gmail.com	Los reyes 	los reyes sur 	20	5	FIS
\.


--
-- Data for Name: django_admin_log; Type: TABLE DATA; Schema: public; Owner: -
--

COPY public.django_admin_log (id, action_time, object_id, object_repr, action_flag, change_message, content_type_id, user_id) FROM stdin;
1	2026-03-25 13:15:17.779478-07	1	luisdagallardo@gmail.com	1	[{"added": {}}]	9	1
2	2026-03-25 13:16:24.866668-07	A-12345	A-12345	1	[{"added": {}}]	38	1
3	2026-03-25 22:19:12.562403-07	LIQUI	LIQUI	2	[{"changed": {"fields": ["Codigo"]}}]	8	1
4	2026-03-25 22:19:18.907157-07	LIQU	LIQU	3		8	1
5	2026-03-25 22:19:32.14914-07	ABONO	ABONO	2	[{"changed": {"fields": ["Codigo"]}}]	8	1
6	2026-03-25 22:19:36.531947-07	ABON	ABON	3		8	1
7	2026-03-27 21:41:39.198121-07	1	Audiovisuales	1	[{"added": {}}]	33	1
8	2026-03-27 21:41:49.842273-07	1	Sillas	1	[{"added": {}}]	35	1
9	2026-04-02 16:04:15.175467-07	5	luisd.gramirez@gmail.com	1	[{"added": {}}]	9	2
10	2026-04-02 17:18:26.376671-07	LIM	LIM	1	[{"added": {}}]	17	2
11	2026-04-02 17:18:58.557419-07	RESV	RESV	1	[{"added": {}}]	17	2
12	2026-04-02 17:19:24.305198-07	NODIS	NODIS	1	[{"added": {}}]	17	2
13	2026-04-02 19:55:22.985199-07	6	zuanpergaming@gmail.com	1	[{"added": {}}]	9	2
14	2026-04-02 19:58:00.920553-07	A-11122	A-11122	1	[{"added": {}}]	38	2
15	2026-04-02 19:58:08.465487-07	6	zuanpergaming@gmail.com	2	[]	9	2
16	2026-04-02 20:06:50.887929-07	A-11122	A-11122	2	[]	38	2
17	2026-04-07 23:57:30.528616-07	A-12345	A-12345	1	[{"added": {}}]	38	2
18	2026-04-08 00:00:21.701621-07	A-12345	A-12345	2	[{"changed": {"fields": ["Rfc"]}}]	38	2
19	2026-04-10 00:14:16.907076-07	A-12345	A-12345	1	[{"added": {}}]	38	2
20	2026-04-10 21:17:18.63844-07	16	ldavidgrdrmz@gmail.com	1	[{"added": {}}]	9	2
21	2026-04-10 21:18:47.331785-07	M-28281	M-28281	1	[{"added": {}}]	38	2
22	2026-04-11 21:38:29.938107-07	19	S:2 E:OCUP	1	[{"added": {}}]	26	2
23	2026-04-11 22:08:12.515444-07	19	S:2 E:OCUP	2	[]	26	2
24	2026-04-11 23:55:35.19841-07	5	5	2	[]	12	2
25	2026-04-13 09:54:43.867363-07	1	Aaaa	1	[{"added": {}}]	7	2
26	2026-04-13 09:54:44.694772-07	2	Silla ejecutiva	2	[{"changed": {"fields": ["Stock", "Descripcion mob"]}}]	21	2
27	2026-04-13 16:33:59.013349-07	6	zuanpergaming@gmail.com	3		9	2
28	2026-04-13 16:34:09.306479-07	7	zuanperg@gmail.com	3		9	2
\.


--
-- Data for Name: django_content_type; Type: TABLE DATA; Schema: public; Owner: -
--

COPY public.django_content_type (id, app_label, model) FROM stdin;
1	admin	logentry
2	auth	group
3	auth	permission
4	auth	user
5	contenttypes	contenttype
6	sessions	session
7	BookingRoomApp	caractermobil
8	BookingRoomApp	conceptopago
9	BookingRoomApp	cuenta
10	BookingRoomApp	datoscliente
11	BookingRoomApp	encuesta
12	BookingRoomApp	equipamiento
13	BookingRoomApp	estadocuenta
14	BookingRoomApp	estadoequipa
15	BookingRoomApp	estadomobil
16	BookingRoomApp	estadoreserva
17	BookingRoomApp	estadosalon
18	BookingRoomApp	inventarioequipa
19	BookingRoomApp	inventariomob
20	BookingRoomApp	metodopago
21	BookingRoomApp	mobiliario
22	BookingRoomApp	montaje
23	BookingRoomApp	montajemobiliario
24	BookingRoomApp	pago
25	BookingRoomApp	registrestadreserva
26	BookingRoomApp	registrestadsalon
27	BookingRoomApp	reservacion
28	BookingRoomApp	reservaequipa
29	BookingRoomApp	rol
30	BookingRoomApp	salon
31	BookingRoomApp	servicio
32	BookingRoomApp	tipocliente
33	BookingRoomApp	tipoequipa
34	BookingRoomApp	tipoevento
35	BookingRoomApp	tipomobil
36	BookingRoomApp	tipomontaje
37	BookingRoomApp	tiposervicio
38	BookingRoomApp	trabajador
39	BookingRoomApp	reservaservicio
\.


--
-- Data for Name: django_migrations; Type: TABLE DATA; Schema: public; Owner: -
--

COPY public.django_migrations (id, app, name, applied) FROM stdin;
1	BookingRoomApp	0001_initial	2026-03-25 13:08:10.817626-07
2	BookingRoomApp	0002_estadocuenta_rol_tipocliente_cuenta_datoscliente_and_more	2026-03-25 13:08:10.855253-07
3	BookingRoomApp	0003_tipocliente_disposicion	2026-03-25 13:08:10.861441-07
4	BookingRoomApp	0004_cuenta_firebase_uid_alter_cuenta_correo_electronico_and_more	2026-03-25 13:08:10.88735-07
5	BookingRoomApp	0005_alter_rol_nombre	2026-03-25 13:08:10.897937-07
6	BookingRoomApp	0006_caractermobil_conceptopago_equipamiento_estadoequipa_and_more	2026-03-25 13:08:11.142854-07
7	BookingRoomApp	0007_pago_saldo_reservacion_nombreevento_and_more	2026-03-25 13:08:11.71596-07
8	BookingRoomApp	0008_alter_caractermobil_options_and_more	2026-03-25 13:08:11.91487-07
9	BookingRoomApp	0009_alter_reservacion_trabajador	2026-03-25 13:08:11.941146-07
10	contenttypes	0001_initial	2026-03-25 13:08:11.950821-07
11	auth	0001_initial	2026-03-25 13:08:11.994733-07
12	admin	0001_initial	2026-03-25 13:08:12.007968-07
13	admin	0002_logentry_remove_auto_add	2026-03-25 13:08:12.029627-07
14	admin	0003_logentry_add_action_flag_choices	2026-03-25 13:08:12.037251-07
15	contenttypes	0002_remove_content_type_name	2026-03-25 13:08:12.062252-07
16	auth	0002_alter_permission_name_max_length	2026-03-25 13:08:12.0703-07
17	auth	0003_alter_user_email_max_length	2026-03-25 13:08:12.077136-07
18	auth	0004_alter_user_username_opts	2026-03-25 13:08:12.084929-07
19	auth	0005_alter_user_last_login_null	2026-03-25 13:08:12.091966-07
20	auth	0006_require_contenttypes_0002	2026-03-25 13:08:12.093882-07
21	auth	0007_alter_validators_add_error_messages	2026-03-25 13:08:12.101733-07
22	auth	0008_alter_user_username_max_length	2026-03-25 13:08:12.111168-07
23	auth	0009_alter_user_last_name_max_length	2026-03-25 13:08:12.120234-07
24	auth	0010_alter_group_name_max_length	2026-03-25 13:08:12.129739-07
25	auth	0011_update_proxy_permissions	2026-03-25 13:08:12.147541-07
26	auth	0012_alter_user_first_name_max_length	2026-03-25 13:08:12.156462-07
27	sessions	0001_initial	2026-03-25 13:08:12.167921-07
28	BookingRoomApp	0010_remove_reservacion_reserva_servicio_and_more	2026-04-01 15:56:38.202267-07
29	BookingRoomApp	0011_alter_reservacion_trabajador	2026-04-01 15:56:38.223942-07
30	BookingRoomApp	0012_alter_reservacion_trabajador	2026-04-01 15:56:38.244174-07
61	BookingRoomApp	0013_reservacion_es_paquete_reservacion_nombre_paquete_and_more	2026-04-07 16:28:53.563997-07
62	BookingRoomApp	0014_reservacion_nullable_fields	2026-04-07 17:27:44.791866-07
64	BookingRoomApp	0015_reservacion_checklist_almacenista_and_more	2026-04-11 12:29:16.701386-07
\.


--
-- Data for Name: django_session; Type: TABLE DATA; Schema: public; Owner: -
--

COPY public.django_session (session_key, session_data, expire_date) FROM stdin;
\.


--
-- Data for Name: encuesta; Type: TABLE DATA; Schema: public; Owner: -
--

COPY public.encuesta (id, personal, equipamiento, servicios, salon, mobiliario, reservacion_id) FROM stdin;
\.


--
-- Data for Name: equipamiento; Type: TABLE DATA; Schema: public; Owner: -
--

COPY public.equipamiento (id, nombre, descripcion, costo, stock, tipo_equipa_id) FROM stdin;
1	Proyector HD	Proyector de alta definicion 1080p	800.00	15	2
2	Proyector 4K	Proyector 4K para presentaciones premium	1500.00	5	2
3	Pantalla de proyeccion 120"	Pantalla retractil de 120 pulgadas	400.00	10	2
4	Sistema de sonido portatil	Bafles portatiles con microfono inalambrico	1000.00	8	1
6	Microfono de mano	Microfono dinamico para escenario	150.00	15	1
7	Bocinas Bluetooth	Bocinas portatiles Bluetooth	300.00	20	1
8	Laptop de presentacion	Laptop con Office preinstalado	600.00	10	4
9	TV 55"	Television 55 pulgadas 4K para exhibicion	500.00	8	2
10	Pantalla LED 90"	Pantalla LED gigante para escenario	2000.00	3	2
11	Camara de documentos	Camara visualizador para presentaciones	350.00	5	2
12	Spotlight LED	Luz de escenario LED 100W	200.00	20	3
13	Torre de iluminacion	Torre de iluminacion portable	350.00	10	3
14	Impresora laser	Impresora laser blanco y negro	250.00	5	4
5	Microfono inalambrico	Microfono de solapa inalambrico	250.00	20	1
\.


--
-- Data for Name: estado_cuenta; Type: TABLE DATA; Schema: public; Owner: -
--

COPY public.estado_cuenta (codigo, nombre) FROM stdin;
ACT	Activa
SUSPE	Suspendida
BANEO	Bloqueada
\.


--
-- Data for Name: estado_equipa; Type: TABLE DATA; Schema: public; Owner: -
--

COPY public.estado_equipa (codigo, nombre) FROM stdin;
DISP	Disponible
FUNC	Funcional
DANAD	Daniado
REPAR	En reparacion
RESV	Reservado
\.


--
-- Data for Name: estado_mobil; Type: TABLE DATA; Schema: public; Owner: -
--

COPY public.estado_mobil (codigo, nombre) FROM stdin;
DISP	Disponible
OCUP	Ocupado
RESV	Reservado
REPAR	En reparacion
\.


--
-- Data for Name: estado_reserva; Type: TABLE DATA; Schema: public; Owner: -
--

COPY public.estado_reserva (codigo, nombre) FROM stdin;
SOLIC	Solicitada
PEN	Pendiente
CONF	Confirmada
CON	Confirmada
ENPRO	En proceso
FIN	Finalizada
CAN	Cancelada
PAGAD	Pagada
PLANT	Plantilla
\.


--
-- Data for Name: estado_salon; Type: TABLE DATA; Schema: public; Owner: -
--

COPY public.estado_salon (codigo, nombre) FROM stdin;
DIS	Disponible
RESV	Reservado
OCUP	Ocupado
MANTE	En mantenimiento
LIMPI	En limpieza
\.


--
-- Data for Name: inventario_equipa; Type: TABLE DATA; Schema: public; Owner: -
--

COPY public.inventario_equipa (id, cantidad, equipamiento_id, estado_equipa_id) FROM stdin;
1	10	1	DISP
2	5	1	FUNC
4	2	2	FUNC
5	8	3	DISP
6	2	3	FUNC
8	3	4	FUNC
10	5	5	FUNC
12	5	6	FUNC
14	5	7	FUNC
16	2	8	FUNC
20	1	10	FUNC
22	1	11	FUNC
23	15	12	DISP
24	5	12	FUNC
26	2	13	FUNC
28	1	14	FUNC
11	9	6	DISP
29	1	6	RESV
27	3	14	DISP
31	1	14	RESV
9	0	5	DISP
40	15	5	RESV
13	12	7	DISP
30	3	7	RESV
7	4	4	DISP
3	2	2	DISP
41	1	2	REPAR
18	2	9	FUNC
42	1	9	REPAR
15	4	8	DISP
47	4	8	RESV
25	7	13	DISP
49	1	13	RESV
21	3	11	DISP
52	1	11	RESV
19	0	10	DISP
48	2	10	RESV
17	0	9	DISP
53	5	9	RESV
\.


--
-- Data for Name: inventario_mobil; Type: TABLE DATA; Schema: public; Owner: -
--

COPY public.inventario_mobil (id, cantidad, estado_mobil_id, mobiliario_id) FROM stdin;
16	1	RESV	1
7	49	DISP	8
46	1	OCUP	8
9	8	DISP	10
21	1	RESV	10
15	2	OCUP	10
22	1	RESV	7
4	0	DISP	5
26	40	OCUP	5
2	0	DISP	2
38	100	OCUP	2
8	21	DISP	9
47	4	OCUP	9
1	394	DISP	1
14	205	OCUP	1
3	54	DISP	4
48	4	OCUP	4
5	72	DISP	6
36	8	OCUP	6
6	25	DISP	7
37	4	OCUP	7
41	1	REPAR	9
\.


--
-- Data for Name: metodo_pago; Type: TABLE DATA; Schema: public; Owner: -
--

COPY public.metodo_pago (codigo, nombre) FROM stdin;
EFECT	Efectivo
TRANS	Transferencia
TARJE	Tarjeta
NFC	NFC
CHEQU	Cheque
\.


--
-- Data for Name: mobiliario; Type: TABLE DATA; Schema: public; Owner: -
--

COPY public.mobiliario (id, nombre, descripcion, costo, stock, tipo_movil_id) FROM stdin;
1	Silla plegable	Silla plegable de plastico resistente	25.00	500	1
3	Silla vintage	Silla de madera con tapizado de tela	200.00	200	1
4	Mesa redonda 1.5m	Mesa redonda para 8 personas	180.00	200	2
5	Mesa redonda 1.8m	Mesa redonda para 10 personas	220.00	200	2
6	Mesa rectangular 2m	Mesa rectangular para 10 personas	200.00	200	3
7	Mesa rectangular 3m	Mesa rectangular para 15 personas	280.00	200	3
8	Taburete alto	Taburete para barra de 80cm	80.00	200	4
9	Taburete bajo	Taburete para barra de 60cm	70.00	200	4
10	Podio ejecutivo	Podio de madera con microphone	500.00	200	5
2	Silla ejecutiva	Silla con descansabrazos y soporte lumbar	150.00	15000	1
\.


--
-- Data for Name: mobiliario_descripcion_mob; Type: TABLE DATA; Schema: public; Owner: -
--

COPY public.mobiliario_descripcion_mob (id, mobiliario_id, caractermobil_id) FROM stdin;
6	2	1
\.


--
-- Data for Name: montaje; Type: TABLE DATA; Schema: public; Owner: -
--

COPY public.montaje (id, costo, salon_id, tipo_montaje_id) FROM stdin;
1	1000.00	11	1
2	1200.00	11	3
3	800.00	10	4
4	700.00	8	6
5	500.00	1	5
6	600.00	7	2
9	4500.00	1	1
16	2020.00	4	4
46	8040.00	8	4
49	7080.00	8	5
54	9050.00	8	5
55	9050.00	8	5
57	4675.00	7	2
58	6380.00	4	4
59	12500.00	11	1
62	109080.00	11	6
63	8720.00	10	4
\.


--
-- Data for Name: montaje_mobiliario; Type: TABLE DATA; Schema: public; Owner: -
--

COPY public.montaje_mobiliario (id, cantidad, completado, mobiliario_id, montaje_id, extra) FROM stdin;
1	100	f	1	1	f
2	1	f	10	1	f
3	10	f	4	2	f
4	80	f	1	2	f
6	8	f	6	4	f
7	24	f	1	4	f
8	1	f	7	5	f
9	12	f	2	5	f
10	15	f	6	6	f
11	60	f	1	6	f
19	3	f	7	4	f
16	1	f	1	9	f
34	1	f	5	16	f
118	24	f	1	46	f
119	8	f	6	46	f
120	3	f	7	46	f
124	1	f	7	49	f
125	12	f	2	49	f
134	30	f	1	54	f
135	15	f	5	54	f
136	30	f	1	55	f
137	15	f	5	55	f
141	1	f	2	57	f
142	1	f	1	57	f
143	30	f	2	58	f
144	1	f	8	58	f
145	1	f	10	59	f
17	1	t	10	9	t
24	1	t	7	9	t
152	65	f	5	62	f
153	550	f	2	62	f
154	4	f	9	62	f
155	20	f	1	63	f
156	4	f	4	63	f
\.


--
-- Data for Name: pago; Type: TABLE DATA; Schema: public; Owner: -
--

COPY public.pago (id, nota, monto, fecha, hora, no_pago, concepto_pago_id, metodo_pago_id, reservacion_id, saldo) FROM stdin;
1	Anticipo 50% - Conferencia TechSoft	4930.00	2026-04-03	10:00:00	1	ANTIC	TARJE	1	0.00
2	Liquidacion - Conferencia TechSoft	4930.00	2026-04-10	14:00:00	2	LIQUI	TRANS	1	0.00
3	Anticipo 50% - Cena Navidad	6960.00	2026-04-07	11:00:00	1	ANTIC	TRANS	2	0.00
4	Liquidacion - Cena Navidad	6960.00	2026-04-15	16:00:00	2	LIQUI	TRANS	2	0.00
5	Pago unico - Junta Laura	4060.00	2026-04-10	09:00:00	1	LIQUI	EFECT	3	0.00
6	Anticipo 50% - Lanzamiento	14500.00	2026-04-14	12:00:00	1	ANTIC	TARJE	4	0.00
7	Liquidacion - Lanzamiento	14500.00	2026-04-20	10:00:00	2	LIQUI	TRANS	4	0.00
8	Pago unico - Reunion Roberto	4640.00	2026-04-17	08:00:00	1	LIQUI	NFC	5	0.00
9	Aceptado	7366.00	2026-04-13	08:23:41.577334	1	ABONO	EFECT	61	7366.00
10	Primer pago	5174.00	2026-04-13	20:12:42.404099	1	ABONO	EFECT	65	5173.20
\.


--
-- Data for Name: registr_esta_reserva; Type: TABLE DATA; Schema: public; Owner: -
--

COPY public.registr_esta_reserva (id, fecha, estado_reserva_id, reservacion_id) FROM stdin;
1	2026-04-01	SOLIC	1
2	2026-04-03	CONF	1
3	2026-04-05	SOLIC	2
4	2026-04-07	CONF	2
5	2026-04-08	SOLIC	3
6	2026-04-10	CONF	3
7	2026-04-12	SOLIC	4
8	2026-04-14	CONF	4
9	2026-04-15	SOLIC	5
10	2026-04-17	CONF	5
11	2026-04-18	SOLIC	6
14	2026-04-09	PEN	9
15	2026-04-10	CON	9
19	2026-04-12	PEN	18
25	2026-04-12	PEN	48
26	2026-04-12	PEN	51
31	2026-04-13	PEN	56
32	2026-04-13	PEN	57
33	2026-04-13	PEN	59
34	2026-04-13	PEN	60
35	2026-04-13	PEN	61
36	2026-04-13	PEN	64
37	2026-04-13	PEN	65
\.


--
-- Data for Name: registr_esta_salon; Type: TABLE DATA; Schema: public; Owner: -
--

COPY public.registr_esta_salon (id, fecha, estado_salon_id, salon_id) FROM stdin;
1	2026-04-01	DIS	11
2	2026-04-01	DIS	10
3	2026-04-01	DIS	8
4	2026-04-10	OCUP	7
5	2026-04-02	MANTE	1
6	2026-04-12	DIS	3
7	2026-04-12	DIS	3
8	2026-04-12	DIS	3
9	2026-04-12	DIS	3
10	2026-04-12	DIS	3
11	2026-04-12	DIS	3
12	2026-04-12	DIS	3
13	2026-04-12	DIS	3
14	2026-04-12	DIS	3
15	2026-04-12	LIMPI	3
16	2026-04-12	DIS	7
17	2026-04-12	RESV	7
18	2026-04-12	OCUP	7
20	2026-04-12	LIMPI	1
21	2026-04-12	LIMPI	7
22	2026-06-01	LIMPI	3
19	2026-04-12	OCUP	2
23	2026-07-03	LIMPI	3
\.


--
-- Data for Name: reserva_equipa; Type: TABLE DATA; Schema: public; Owner: -
--

COPY public.reserva_equipa (id, cantidad, equipamiento_id, reservacion_id, completado, extra) FROM stdin;
1	2	1	1	f	f
2	1	4	1	f	f
3	1	5	1	f	f
4	1	3	2	f	f
5	2	7	2	f	f
6	1	1	3	f	f
7	1	2	4	f	f
8	1	9	4	f	f
9	2	4	4	f	f
10	1	5	4	f	f
11	1	1	5	f	f
12	1	1	6	f	f
13	50	5	11	f	f
16	1	6	9	f	f
25	1	7	18	f	f
55	15	5	48	f	f
58	1	7	51	f	f
63	2	8	56	f	f
64	2	8	57	f	f
66	1	10	59	f	f
67	1	13	60	f	f
17	1	7	9	f	t
18	1	14	9	f	t
73	1	11	64	f	f
74	1	10	64	f	f
75	5	9	64	f	f
\.


--
-- Data for Name: reserva_servicio; Type: TABLE DATA; Schema: public; Owner: -
--

COPY public.reserva_servicio (id, extra, reservacion_id, servicio_id) FROM stdin;
1	f	1	1
2	f	1	9
3	f	1	6
4	f	2	2
5	f	2	4
6	f	2	7
7	f	3	1
8	f	4	2
9	f	4	8
10	f	4	13
11	f	4	15
12	f	5	1
13	f	6	1
90	f	65	9
15	f	11	6
16	t	9	15
17	t	9	16
18	t	9	14
25	f	18	7
55	f	48	6
58	f	51	1
63	f	56	13
64	f	57	13
66	f	59	7
67	f	60	14
68	f	61	9
83	f	64	10
84	f	64	9
85	f	64	8
86	f	64	2
87	f	64	4
88	f	64	5
89	f	64	6
\.


--
-- Data for Name: reservacion; Type: TABLE DATA; Schema: public; Owner: -
--

COPY public.reservacion (id, "descripEvento", "estimaAsistentes", "fechaReservacion", "fechaEvento", "horaInicio", "horaFin", subtotal, "IVA", total, cliente_id, estado_reserva_id, montaje_id, tipo_evento_id, "nombreEvento", trabajador_id, es_paquete, nombre_paquete, checklist_coordinador, checklist_almacenista, progreso_checklist) FROM stdin;
1	Primera conferencia anual de la empresa con keynote y presentaciones tecnicas	80	2026-04-01	2026-04-15	09:00:00	18:00:00	8500.00	1360.00	9860.00	1	CONF	4	1	Conferencia Anual TechSoft 2026	EMP001	f		{}	{}	0
2	Cena de navidad para empleados y familias	120	2026-04-01	2026-04-20	19:00:00	23:00:00	12000.00	1920.00	13920.00	1	CONF	5	3	Cena de Navidad TechSoft	EMP002	f		{}	{}	0
3	Reunion trimestral del consejo administrativo	15	2026-04-01	2026-04-18	10:00:00	14:00:00	3500.00	560.00	4060.00	2	CONF	3	6	Junta de Consejo Directivo	EMP001	f		{}	{}	0
4	Evento de lanzamiento de nuevo producto con medios de comunicacion	200	2026-04-01	2026-04-25	11:00:00	20:00:00	25000.00	4000.00	29000.00	3	CONF	6	4	Lanzamiento de Producto XYZ	EMP001	f		{}	{}	0
5	Sesion de planeacion estrategica del equipo	25	2026-04-01	2026-04-22	09:00:00	13:00:00	4000.00	640.00	4640.00	4	CONF	1	8	Reunion de trabajo mensual	EMP003	f		{}	{}	0
6	Seminario de capacitacion para personal nuevo	50	2026-04-01	2026-05-10	08:00:00	17:00:00	6000.00	960.00	6960.00	5	SOLIC	2	2	Seminario de Capacitacion	EMP002	f		{}	{}	0
65	Reunion formal de trabajo para 20 personas	20	2026-04-13	2026-09-16	09:00:00	15:00:00	8920.00	1427.20	10347.20	3	CON	63	8	Pruebappp	A-12345	f		{}	{}	0
10	Paquete: Movido	0	2026-04-10	\N	\N	\N	13900.00	16.00	16124.00	\N	PLANT	3	11	Movido	\N	t	Movido	{}	{}	0
11	Paquete: Lider	0	2026-04-10	\N	\N	\N	19140.00	16.00	22202.40	\N	PLANT	4	11	Lider	\N	t	Lider	{}	{}	0
48	Sin descripción	20	2026-04-12	2026-04-26	06:23:00	08:23:00	21340.00	3414.40	24754.40	6	SOLIC	46	8	Boss	\N	f		{}	{}	0
51	Sin descripción	30	2026-04-12	2026-04-30	06:27:00	08:27:00	7500.00	1200.00	8700.00	6	SOLIC	49	9	La reunión presidencial	\N	f		{}	{}	0
56	Prueba para veer	30	2026-04-13	2026-08-15	15:54:00	16:54:00	12250.00	1960.00	14210.00	3	PEN	54	1	Prueba	A-12345	f		{}	{}	0
57	Prueba para veer	30	2026-04-13	2026-08-15	15:54:00	16:54:00	12250.00	1960.00	14210.00	3	PEN	55	1	Prueba	A-12345	f		{}	{}	0
59	Sin descripción	30	2026-04-13	2026-06-27	04:06:00	06:06:00	6975.00	1116.00	8091.00	6	SOLIC	57	5	necesito	\N	f		{}	{}	0
60	Esto es fundamental	70	2026-04-13	2026-12-18	18:10:00	19:11:00	9230.00	1476.80	10706.80	3	PEN	58	4	Prueba2	A-12345	f		{}	{}	0
61	Este evento sera clave	20	2026-04-13	2026-09-17	17:22:00	19:22:00	12700.00	2032.00	14732.00	3	CON	59	4	PruebaA	A-12345	f		{}	{}	0
18	Me caes bien	20	2026-04-12	2026-04-26	18:14:00	20:14:00	2620.00	419.20	3039.20	6	CON	16	9	Pepetillo	A-12345	f		{}	{}	0
9	Conferencia entretenida	20	2026-04-09	2026-04-18	18:29:00	20:29:00	13330.00	2132.80	15462.80	6	CON	9	1	mi conferencia	\N	f		{"item_9": true, "Evento en curso": false, "Prueba de Equipos": false, "Checklist de Montaje": false, "Cierre de Inventario": false, "Liquidación de Saldo": false, "Recepción del Cliente": false, "Trabajadores asignados": true, "Definición del montaje": true, "Anticipo recibido (primer pago)": true, "Equipamiento requerido definido": true, "Servicios adicionales definidos": true, "Montaje de mobiliario completado": true, "Orden de Servicio (BEO) distribuida": false, "Firma de contrato / Aceptación de términos": true}	{"16": true, "17": true, "24": true}	0.5333333333333333
64	Sin descripción	500	2026-04-13	2026-09-21	14:30:00	23:30:00	119430.00	19108.80	138538.80	6	CAN	62	9	XV de la cheli	\N	f		{}	{}	0
\.


--
-- Data for Name: rol; Type: TABLE DATA; Schema: public; Owner: -
--

COPY public.rol (codigo, nombre) FROM stdin;
ADMIN	Administrador
COORD	Coordinador
RECEP	Recepcionista
ALMAC	Almacen
\.


--
-- Data for Name: salon; Type: TABLE DATA; Schema: public; Owner: -
--

COPY public.salon (id, nombre, costo, ubicacion, "dimenLargo", "dimenAncho", "dimenAlto", "metrosCuadrados", "maxCapacidad", estado_salon_id) FROM stdin;
2	Vivaldi I	1800.00	Planta Baja - Ala Norte	9.00	3.60	3.60	32.40	60	DIS
4	Vivaldi III	1800.00	Planta Baja - Ala Norte	9.00	3.60	3.60	32.40	70	DIS
5	Vivaldi IV	1800.00	Planta Baja - Ala Norte	9.00	3.60	3.60	32.40	70	DIS
6	Shubert	4500.00	Piso 1 - Centro	17.00	9.00	6.10	153.00	180	DIS
8	Beethoven	5000.00	Piso 1 - Este	17.00	10.00	7.90	170.00	180	DIS
9	Gran Vivaldi	6000.00	Planta Baja - Gran Salon	9.00	24.00	5.30	216.00	60	DIS
10	Chopin	7500.00	Piso 2 - Oeste	9.00	25.00	3.60	225.00	250	DIS
11	Gran Mozart	12000.00	Planta Baja - Acceso Principal	28.00	17.00	6.10	476.00	700	DIS
1	Vivaldi V	1500.00	Planta Baja - Ala Norte	9.00	3.60	3.60	32.40	40	LIMPI
7	Mozart	4500.00	Piso 1 - Centro	17.00	9.00	3.80	153.00	180	LIMPI
3	Vivaldi II	1800.00	Planta Baja - Ala Norte	9.00	3.60	3.60	32.40	70	LIMPI
\.


--
-- Data for Name: servicio; Type: TABLE DATA; Schema: public; Owner: -
--

COPY public.servicio (id, nombre, descripcion, costo, disposicion, tipo_servicio_id) FROM stdin;
1	Coffee break basico	Cafe, te, agua y galletas	120.00	t	1
2	Coffee break premium	Cafe, te, jugos, frutas y pasteleria	250.00	t	1
3	Comida corrida	Menu del dia con entrada, plato fuerte y postre	350.00	t	1
4	Bufete completo	Bufete con multiple opciones de comida	600.00	t	1
5	Servicio de limpieza	Limpieza del salon durante el evento	500.00	t	8
6	Seguridad privada	Guardia de seguridad durante el evento	800.00	t	7
7	Decoracion basica	Manteles y centros de mesa	300.00	t	3
8	Decoracion premium	Decoracion completa con flores naturales	1500.00	t	3
9	Internet de alta velocidad	WiFi de 100 Mbps para el evento	200.00	t	10
10	Impresion de materiales	Impresion de invitaciones y programas	150.00	t	9
11	Servicio de valet parking	Estacionamiento con valet	400.00	t	4
12	Transporte de invitados	Transporte terrestre round trip	600.00	t	4
13	Fotografia profesional	Sesion fotografica de 4 horas	2000.00	t	5
14	Video profesional	Grabacion en video de 4 horas	2500.00	t	5
15	DJ basico	Equipo de musica y DJ por 4 horas	1500.00	t	6
16	Banda en vivo	Banda de 4 musicos por 3 horas	5000.00	t	6
\.


--
-- Data for Name: tipo_cliente; Type: TABLE DATA; Schema: public; Owner: -
--

COPY public.tipo_cliente (codigo, nombre, disposicion) FROM stdin;
MOR	Persona moral	t
FIS	Persona fisica	t
PM	Persona Moral	t
PF	Persona Fisica	t
\.


--
-- Data for Name: tipo_equipa; Type: TABLE DATA; Schema: public; Owner: -
--

COPY public.tipo_equipa (id, nombre, disposicion) FROM stdin;
1	Audio	t
2	Video	t
3	Iluminacion	t
4	Computo	t
5	Mobiliario extra	t
6	Otro	t
\.


--
-- Data for Name: tipo_evento; Type: TABLE DATA; Schema: public; Owner: -
--

COPY public.tipo_evento (id, nombre, disposicion) FROM stdin;
1	Conferencia	t
2	Seminario	t
3	Cena de empresa	t
4	Lanzamiento de producto	t
5	Boda	t
6	Junta de consejo	t
7	Asamblea	t
8	Reunion de trabajo	t
9	Fiesta	t
10	Otro	t
11	Paquete	t
\.


--
-- Data for Name: tipo_mobil; Type: TABLE DATA; Schema: public; Owner: -
--

COPY public.tipo_mobil (id, nombre, disposicion) FROM stdin;
1	Sillas	t
2	Mesas Redondas	t
3	Mesas Rectangulares	t
4	Taburetes	t
5	Podios	t
\.


--
-- Data for Name: tipo_montaje; Type: TABLE DATA; Schema: public; Owner: -
--

COPY public.tipo_montaje (id, nombre, disposicion, "capacidadIdeal") FROM stdin;
1	Teatro	t	100
2	Escuela	t	60
3	Banquete	t	80
4	Recepcion	t	150
5	Imperial	t	40
6	Herradura	t	50
7	Mesa rusa	t	30
\.


--
-- Data for Name: tipo_servicio; Type: TABLE DATA; Schema: public; Owner: -
--

COPY public.tipo_servicio (id, nombre, descripcion, disposicion) FROM stdin;
1	Catering	Servicios de comida	t
2	Audiovisual	Equipos AV	t
3	Decoracion	Decoracion	t
4	Transporte	Transporte	t
5	Fotografia	Foto	t
6	Musica	Musica	t
7	Seguridad	Seguridad	t
8	Limpieza	Limpieza	t
9	Otro	Otros	t
10	Internet	Internet	t
\.


--
-- Data for Name: trabajador; Type: TABLE DATA; Schema: public; Owner: -
--

COPY public.trabajador (no_empleado, rfc, nombre, "apellidoPaterno", "apelidoMaterno", telefono, correo_electronico, cuenta_id, rol_id) FROM stdin;
EMP001	GARC850101HDF	Gerardo	Aguilar	Reyes	6641234567	gerardo.aguilar@montecarlo.com	8	ADMIN
EMP002	LOPE900512MDF	Maria	Lopez	Garcia	6649876543	maria.lopez@montecarlo.com	9	COORD
EMP003	MENC880215HDF	Carlos	Mendoza	Ruiz	6645551234	carlos.mendoza@montecarlo.com	10	RECEP
A-12345	ABCABC7891023	Luis David	Gallardo	Ramirez	6632181610	luisdagallardo@gmail.com	1	ADMIN
M-28281	9876543210123	David	Gallardo	Ramirez	6002001919	ldavidgrdrmz@gmail.com	16	ALMAC
\.


--
-- Name: auth_group_id_seq; Type: SEQUENCE SET; Schema: public; Owner: -
--

SELECT pg_catalog.setval('public.auth_group_id_seq', 1, false);


--
-- Name: auth_group_permissions_id_seq; Type: SEQUENCE SET; Schema: public; Owner: -
--

SELECT pg_catalog.setval('public.auth_group_permissions_id_seq', 1, false);


--
-- Name: auth_permission_id_seq; Type: SEQUENCE SET; Schema: public; Owner: -
--

SELECT pg_catalog.setval('public.auth_permission_id_seq', 185, true);


--
-- Name: auth_user_groups_id_seq; Type: SEQUENCE SET; Schema: public; Owner: -
--

SELECT pg_catalog.setval('public.auth_user_groups_id_seq', 1, false);


--
-- Name: auth_user_id_seq; Type: SEQUENCE SET; Schema: public; Owner: -
--

SELECT pg_catalog.setval('public.auth_user_id_seq', 2, true);


--
-- Name: auth_user_user_permissions_id_seq; Type: SEQUENCE SET; Schema: public; Owner: -
--

SELECT pg_catalog.setval('public.auth_user_user_permissions_id_seq', 1, false);


--
-- Name: caracter_mobi_id_seq; Type: SEQUENCE SET; Schema: public; Owner: -
--

SELECT pg_catalog.setval('public.caracter_mobi_id_seq', 1, true);


--
-- Name: cuenta_id_seq; Type: SEQUENCE SET; Schema: public; Owner: -
--

SELECT pg_catalog.setval('public.cuenta_id_seq', 16, true);


--
-- Name: datos_cliente_id_seq; Type: SEQUENCE SET; Schema: public; Owner: -
--

SELECT pg_catalog.setval('public.datos_cliente_id_seq', 6, true);


--
-- Name: django_admin_log_id_seq; Type: SEQUENCE SET; Schema: public; Owner: -
--

SELECT pg_catalog.setval('public.django_admin_log_id_seq', 28, true);


--
-- Name: django_content_type_id_seq; Type: SEQUENCE SET; Schema: public; Owner: -
--

SELECT pg_catalog.setval('public.django_content_type_id_seq', 71, true);


--
-- Name: django_migrations_id_seq; Type: SEQUENCE SET; Schema: public; Owner: -
--

SELECT pg_catalog.setval('public.django_migrations_id_seq', 64, true);


--
-- Name: encuesta_id_seq; Type: SEQUENCE SET; Schema: public; Owner: -
--

SELECT pg_catalog.setval('public.encuesta_id_seq', 1, false);


--
-- Name: equipamiento_id_seq; Type: SEQUENCE SET; Schema: public; Owner: -
--

SELECT pg_catalog.setval('public.equipamiento_id_seq', 14, true);


--
-- Name: inventario_equipa_id_seq; Type: SEQUENCE SET; Schema: public; Owner: -
--

SELECT pg_catalog.setval('public.inventario_equipa_id_seq', 53, true);


--
-- Name: inventario_mobil_id_seq; Type: SEQUENCE SET; Schema: public; Owner: -
--

SELECT pg_catalog.setval('public.inventario_mobil_id_seq', 48, true);


--
-- Name: mobiliario_descripcion_mob_id_seq; Type: SEQUENCE SET; Schema: public; Owner: -
--

SELECT pg_catalog.setval('public.mobiliario_descripcion_mob_id_seq', 6, true);


--
-- Name: mobiliario_id_seq; Type: SEQUENCE SET; Schema: public; Owner: -
--

SELECT pg_catalog.setval('public.mobiliario_id_seq', 10, true);


--
-- Name: montaje_id_seq; Type: SEQUENCE SET; Schema: public; Owner: -
--

SELECT pg_catalog.setval('public.montaje_id_seq', 63, true);


--
-- Name: montaje_mobilairio_id_seq; Type: SEQUENCE SET; Schema: public; Owner: -
--

SELECT pg_catalog.setval('public.montaje_mobilairio_id_seq', 156, true);


--
-- Name: pago_id_seq; Type: SEQUENCE SET; Schema: public; Owner: -
--

SELECT pg_catalog.setval('public.pago_id_seq', 10, true);


--
-- Name: registr_esta_reserva_id_seq; Type: SEQUENCE SET; Schema: public; Owner: -
--

SELECT pg_catalog.setval('public.registr_esta_reserva_id_seq', 37, true);


--
-- Name: registr_esta_salon_id_seq; Type: SEQUENCE SET; Schema: public; Owner: -
--

SELECT pg_catalog.setval('public.registr_esta_salon_id_seq', 23, true);


--
-- Name: reserva_equipa_id_seq; Type: SEQUENCE SET; Schema: public; Owner: -
--

SELECT pg_catalog.setval('public.reserva_equipa_id_seq', 75, true);


--
-- Name: reserva_servicio_id_seq; Type: SEQUENCE SET; Schema: public; Owner: -
--

SELECT pg_catalog.setval('public.reserva_servicio_id_seq', 90, true);


--
-- Name: reservacion_id_seq; Type: SEQUENCE SET; Schema: public; Owner: -
--

SELECT pg_catalog.setval('public.reservacion_id_seq', 65, true);


--
-- Name: salon_id_seq; Type: SEQUENCE SET; Schema: public; Owner: -
--

SELECT pg_catalog.setval('public.salon_id_seq', 11, true);


--
-- Name: servicio_id_seq; Type: SEQUENCE SET; Schema: public; Owner: -
--

SELECT pg_catalog.setval('public.servicio_id_seq', 16, true);


--
-- Name: tipo_equipa_id_seq; Type: SEQUENCE SET; Schema: public; Owner: -
--

SELECT pg_catalog.setval('public.tipo_equipa_id_seq', 7, false);


--
-- Name: tipo_evento_id_seq; Type: SEQUENCE SET; Schema: public; Owner: -
--

SELECT pg_catalog.setval('public.tipo_evento_id_seq', 11, true);


--
-- Name: tipo_mobil_id_seq; Type: SEQUENCE SET; Schema: public; Owner: -
--

SELECT pg_catalog.setval('public.tipo_mobil_id_seq', 1, false);


--
-- Name: tipo_montaje_id_seq; Type: SEQUENCE SET; Schema: public; Owner: -
--

SELECT pg_catalog.setval('public.tipo_montaje_id_seq', 8, false);


--
-- Name: tipo_servicio_id_seq; Type: SEQUENCE SET; Schema: public; Owner: -
--

SELECT pg_catalog.setval('public.tipo_servicio_id_seq', 11, false);


--
-- Name: auth_group auth_group_name_key; Type: CONSTRAINT; Schema: public; Owner: -
--

ALTER TABLE ONLY public.auth_group
    ADD CONSTRAINT auth_group_name_key UNIQUE (name);


--
-- Name: auth_group_permissions auth_group_permissions_group_id_permission_id_0cd325b0_uniq; Type: CONSTRAINT; Schema: public; Owner: -
--

ALTER TABLE ONLY public.auth_group_permissions
    ADD CONSTRAINT auth_group_permissions_group_id_permission_id_0cd325b0_uniq UNIQUE (group_id, permission_id);


--
-- Name: auth_group_permissions auth_group_permissions_pkey; Type: CONSTRAINT; Schema: public; Owner: -
--

ALTER TABLE ONLY public.auth_group_permissions
    ADD CONSTRAINT auth_group_permissions_pkey PRIMARY KEY (id);


--
-- Name: auth_group auth_group_pkey; Type: CONSTRAINT; Schema: public; Owner: -
--

ALTER TABLE ONLY public.auth_group
    ADD CONSTRAINT auth_group_pkey PRIMARY KEY (id);


--
-- Name: auth_permission auth_permission_content_type_id_codename_01ab375a_uniq; Type: CONSTRAINT; Schema: public; Owner: -
--

ALTER TABLE ONLY public.auth_permission
    ADD CONSTRAINT auth_permission_content_type_id_codename_01ab375a_uniq UNIQUE (content_type_id, codename);


--
-- Name: auth_permission auth_permission_pkey; Type: CONSTRAINT; Schema: public; Owner: -
--

ALTER TABLE ONLY public.auth_permission
    ADD CONSTRAINT auth_permission_pkey PRIMARY KEY (id);


--
-- Name: auth_user_groups auth_user_groups_pkey; Type: CONSTRAINT; Schema: public; Owner: -
--

ALTER TABLE ONLY public.auth_user_groups
    ADD CONSTRAINT auth_user_groups_pkey PRIMARY KEY (id);


--
-- Name: auth_user_groups auth_user_groups_user_id_group_id_94350c0c_uniq; Type: CONSTRAINT; Schema: public; Owner: -
--

ALTER TABLE ONLY public.auth_user_groups
    ADD CONSTRAINT auth_user_groups_user_id_group_id_94350c0c_uniq UNIQUE (user_id, group_id);


--
-- Name: auth_user auth_user_pkey; Type: CONSTRAINT; Schema: public; Owner: -
--

ALTER TABLE ONLY public.auth_user
    ADD CONSTRAINT auth_user_pkey PRIMARY KEY (id);


--
-- Name: auth_user_user_permissions auth_user_user_permissions_pkey; Type: CONSTRAINT; Schema: public; Owner: -
--

ALTER TABLE ONLY public.auth_user_user_permissions
    ADD CONSTRAINT auth_user_user_permissions_pkey PRIMARY KEY (id);


--
-- Name: auth_user_user_permissions auth_user_user_permissions_user_id_permission_id_14a6b632_uniq; Type: CONSTRAINT; Schema: public; Owner: -
--

ALTER TABLE ONLY public.auth_user_user_permissions
    ADD CONSTRAINT auth_user_user_permissions_user_id_permission_id_14a6b632_uniq UNIQUE (user_id, permission_id);


--
-- Name: auth_user auth_user_username_key; Type: CONSTRAINT; Schema: public; Owner: -
--

ALTER TABLE ONLY public.auth_user
    ADD CONSTRAINT auth_user_username_key UNIQUE (username);


--
-- Name: caracter_mobi caracter_mobi_pkey; Type: CONSTRAINT; Schema: public; Owner: -
--

ALTER TABLE ONLY public.caracter_mobi
    ADD CONSTRAINT caracter_mobi_pkey PRIMARY KEY (id);


--
-- Name: concepto_pago concepto_pago_pkey; Type: CONSTRAINT; Schema: public; Owner: -
--

ALTER TABLE ONLY public.concepto_pago
    ADD CONSTRAINT concepto_pago_pkey PRIMARY KEY (codigo);


--
-- Name: cuenta cuenta_correo_electronico_27870941_uniq; Type: CONSTRAINT; Schema: public; Owner: -
--

ALTER TABLE ONLY public.cuenta
    ADD CONSTRAINT cuenta_correo_electronico_27870941_uniq UNIQUE (correo_electronico);


--
-- Name: cuenta cuenta_firebase_uid_key; Type: CONSTRAINT; Schema: public; Owner: -
--

ALTER TABLE ONLY public.cuenta
    ADD CONSTRAINT cuenta_firebase_uid_key UNIQUE (firebase_uid);


--
-- Name: cuenta cuenta_pkey; Type: CONSTRAINT; Schema: public; Owner: -
--

ALTER TABLE ONLY public.cuenta
    ADD CONSTRAINT cuenta_pkey PRIMARY KEY (id);


--
-- Name: datos_cliente datos_cliente_correo_electronico_a27faeb9_uniq; Type: CONSTRAINT; Schema: public; Owner: -
--

ALTER TABLE ONLY public.datos_cliente
    ADD CONSTRAINT datos_cliente_correo_electronico_a27faeb9_uniq UNIQUE (correo_electronico);


--
-- Name: datos_cliente datos_cliente_pkey; Type: CONSTRAINT; Schema: public; Owner: -
--

ALTER TABLE ONLY public.datos_cliente
    ADD CONSTRAINT datos_cliente_pkey PRIMARY KEY (id);


--
-- Name: django_admin_log django_admin_log_pkey; Type: CONSTRAINT; Schema: public; Owner: -
--

ALTER TABLE ONLY public.django_admin_log
    ADD CONSTRAINT django_admin_log_pkey PRIMARY KEY (id);


--
-- Name: django_content_type django_content_type_app_label_model_76bd3d3b_uniq; Type: CONSTRAINT; Schema: public; Owner: -
--

ALTER TABLE ONLY public.django_content_type
    ADD CONSTRAINT django_content_type_app_label_model_76bd3d3b_uniq UNIQUE (app_label, model);


--
-- Name: django_content_type django_content_type_pkey; Type: CONSTRAINT; Schema: public; Owner: -
--

ALTER TABLE ONLY public.django_content_type
    ADD CONSTRAINT django_content_type_pkey PRIMARY KEY (id);


--
-- Name: django_migrations django_migrations_pkey; Type: CONSTRAINT; Schema: public; Owner: -
--

ALTER TABLE ONLY public.django_migrations
    ADD CONSTRAINT django_migrations_pkey PRIMARY KEY (id);


--
-- Name: django_session django_session_pkey; Type: CONSTRAINT; Schema: public; Owner: -
--

ALTER TABLE ONLY public.django_session
    ADD CONSTRAINT django_session_pkey PRIMARY KEY (session_key);


--
-- Name: encuesta encuesta_pkey; Type: CONSTRAINT; Schema: public; Owner: -
--

ALTER TABLE ONLY public.encuesta
    ADD CONSTRAINT encuesta_pkey PRIMARY KEY (id);


--
-- Name: equipamiento equipamiento_pkey; Type: CONSTRAINT; Schema: public; Owner: -
--

ALTER TABLE ONLY public.equipamiento
    ADD CONSTRAINT equipamiento_pkey PRIMARY KEY (id);


--
-- Name: estado_cuenta estado_cuenta_pkey; Type: CONSTRAINT; Schema: public; Owner: -
--

ALTER TABLE ONLY public.estado_cuenta
    ADD CONSTRAINT estado_cuenta_pkey PRIMARY KEY (codigo);


--
-- Name: estado_equipa estado_equipa_pkey; Type: CONSTRAINT; Schema: public; Owner: -
--

ALTER TABLE ONLY public.estado_equipa
    ADD CONSTRAINT estado_equipa_pkey PRIMARY KEY (codigo);


--
-- Name: inventario_equipa estado_equipamiento; Type: CONSTRAINT; Schema: public; Owner: -
--

ALTER TABLE ONLY public.inventario_equipa
    ADD CONSTRAINT estado_equipamiento UNIQUE (equipamiento_id, estado_equipa_id);


--
-- Name: estado_mobil estado_mobil_pkey; Type: CONSTRAINT; Schema: public; Owner: -
--

ALTER TABLE ONLY public.estado_mobil
    ADD CONSTRAINT estado_mobil_pkey PRIMARY KEY (codigo);


--
-- Name: inventario_mobil estado_mobiliario; Type: CONSTRAINT; Schema: public; Owner: -
--

ALTER TABLE ONLY public.inventario_mobil
    ADD CONSTRAINT estado_mobiliario UNIQUE (mobiliario_id, estado_mobil_id);


--
-- Name: estado_reserva estado_reserva_pkey; Type: CONSTRAINT; Schema: public; Owner: -
--

ALTER TABLE ONLY public.estado_reserva
    ADD CONSTRAINT estado_reserva_pkey PRIMARY KEY (codigo);


--
-- Name: estado_salon estado_salon_pkey; Type: CONSTRAINT; Schema: public; Owner: -
--

ALTER TABLE ONLY public.estado_salon
    ADD CONSTRAINT estado_salon_pkey PRIMARY KEY (codigo);


--
-- Name: inventario_equipa inventario_equipa_pkey; Type: CONSTRAINT; Schema: public; Owner: -
--

ALTER TABLE ONLY public.inventario_equipa
    ADD CONSTRAINT inventario_equipa_pkey PRIMARY KEY (id);


--
-- Name: inventario_mobil inventario_mobil_pkey; Type: CONSTRAINT; Schema: public; Owner: -
--

ALTER TABLE ONLY public.inventario_mobil
    ADD CONSTRAINT inventario_mobil_pkey PRIMARY KEY (id);


--
-- Name: metodo_pago metodo_pago_pkey; Type: CONSTRAINT; Schema: public; Owner: -
--

ALTER TABLE ONLY public.metodo_pago
    ADD CONSTRAINT metodo_pago_pkey PRIMARY KEY (codigo);


--
-- Name: mobiliario_descripcion_mob mobiliario_descripcion_m_mobiliario_id_caractermo_cb8efdc2_uniq; Type: CONSTRAINT; Schema: public; Owner: -
--

ALTER TABLE ONLY public.mobiliario_descripcion_mob
    ADD CONSTRAINT mobiliario_descripcion_m_mobiliario_id_caractermo_cb8efdc2_uniq UNIQUE (mobiliario_id, caractermobil_id);


--
-- Name: mobiliario_descripcion_mob mobiliario_descripcion_mob_pkey; Type: CONSTRAINT; Schema: public; Owner: -
--

ALTER TABLE ONLY public.mobiliario_descripcion_mob
    ADD CONSTRAINT mobiliario_descripcion_mob_pkey PRIMARY KEY (id);


--
-- Name: mobiliario mobiliario_pkey; Type: CONSTRAINT; Schema: public; Owner: -
--

ALTER TABLE ONLY public.mobiliario
    ADD CONSTRAINT mobiliario_pkey PRIMARY KEY (id);


--
-- Name: montaje_mobiliario montaje_mobilairio_pkey; Type: CONSTRAINT; Schema: public; Owner: -
--

ALTER TABLE ONLY public.montaje_mobiliario
    ADD CONSTRAINT montaje_mobilairio_pkey PRIMARY KEY (id);


--
-- Name: montaje montaje_pkey; Type: CONSTRAINT; Schema: public; Owner: -
--

ALTER TABLE ONLY public.montaje
    ADD CONSTRAINT montaje_pkey PRIMARY KEY (id);


--
-- Name: pago pago_pkey; Type: CONSTRAINT; Schema: public; Owner: -
--

ALTER TABLE ONLY public.pago
    ADD CONSTRAINT pago_pkey PRIMARY KEY (id);


--
-- Name: registr_esta_reserva registr_esta_reserva_pkey; Type: CONSTRAINT; Schema: public; Owner: -
--

ALTER TABLE ONLY public.registr_esta_reserva
    ADD CONSTRAINT registr_esta_reserva_pkey PRIMARY KEY (id);


--
-- Name: registr_esta_salon registr_esta_salon_pkey; Type: CONSTRAINT; Schema: public; Owner: -
--

ALTER TABLE ONLY public.registr_esta_salon
    ADD CONSTRAINT registr_esta_salon_pkey PRIMARY KEY (id);


--
-- Name: reserva_equipa reserva_equipa_pkey; Type: CONSTRAINT; Schema: public; Owner: -
--

ALTER TABLE ONLY public.reserva_equipa
    ADD CONSTRAINT reserva_equipa_pkey PRIMARY KEY (id);


--
-- Name: reserva_servicio reserva_servicio_pkey; Type: CONSTRAINT; Schema: public; Owner: -
--

ALTER TABLE ONLY public.reserva_servicio
    ADD CONSTRAINT reserva_servicio_pkey PRIMARY KEY (id);


--
-- Name: reservacion reservacion_pkey; Type: CONSTRAINT; Schema: public; Owner: -
--

ALTER TABLE ONLY public.reservacion
    ADD CONSTRAINT reservacion_pkey PRIMARY KEY (id);


--
-- Name: rol rol_nombre_ab94fcd3_uniq; Type: CONSTRAINT; Schema: public; Owner: -
--

ALTER TABLE ONLY public.rol
    ADD CONSTRAINT rol_nombre_ab94fcd3_uniq UNIQUE (nombre);


--
-- Name: rol rol_pkey; Type: CONSTRAINT; Schema: public; Owner: -
--

ALTER TABLE ONLY public.rol
    ADD CONSTRAINT rol_pkey PRIMARY KEY (codigo);


--
-- Name: salon salon_pkey; Type: CONSTRAINT; Schema: public; Owner: -
--

ALTER TABLE ONLY public.salon
    ADD CONSTRAINT salon_pkey PRIMARY KEY (id);


--
-- Name: servicio servicio_pkey; Type: CONSTRAINT; Schema: public; Owner: -
--

ALTER TABLE ONLY public.servicio
    ADD CONSTRAINT servicio_pkey PRIMARY KEY (id);


--
-- Name: tipo_cliente tipo_cliente_pkey; Type: CONSTRAINT; Schema: public; Owner: -
--

ALTER TABLE ONLY public.tipo_cliente
    ADD CONSTRAINT tipo_cliente_pkey PRIMARY KEY (codigo);


--
-- Name: tipo_equipa tipo_equipa_pkey; Type: CONSTRAINT; Schema: public; Owner: -
--

ALTER TABLE ONLY public.tipo_equipa
    ADD CONSTRAINT tipo_equipa_pkey PRIMARY KEY (id);


--
-- Name: tipo_evento tipo_evento_pkey; Type: CONSTRAINT; Schema: public; Owner: -
--

ALTER TABLE ONLY public.tipo_evento
    ADD CONSTRAINT tipo_evento_pkey PRIMARY KEY (id);


--
-- Name: tipo_mobil tipo_mobil_pkey; Type: CONSTRAINT; Schema: public; Owner: -
--

ALTER TABLE ONLY public.tipo_mobil
    ADD CONSTRAINT tipo_mobil_pkey PRIMARY KEY (id);


--
-- Name: tipo_montaje tipo_montaje_pkey; Type: CONSTRAINT; Schema: public; Owner: -
--

ALTER TABLE ONLY public.tipo_montaje
    ADD CONSTRAINT tipo_montaje_pkey PRIMARY KEY (id);


--
-- Name: tipo_servicio tipo_servicio_pkey; Type: CONSTRAINT; Schema: public; Owner: -
--

ALTER TABLE ONLY public.tipo_servicio
    ADD CONSTRAINT tipo_servicio_pkey PRIMARY KEY (id);


--
-- Name: trabajador trabajador_correo_electronico_004573a2_uniq; Type: CONSTRAINT; Schema: public; Owner: -
--

ALTER TABLE ONLY public.trabajador
    ADD CONSTRAINT trabajador_correo_electronico_004573a2_uniq UNIQUE (correo_electronico);


--
-- Name: trabajador trabajador_pkey; Type: CONSTRAINT; Schema: public; Owner: -
--

ALTER TABLE ONLY public.trabajador
    ADD CONSTRAINT trabajador_pkey PRIMARY KEY (no_empleado);


--
-- Name: auth_group_name_a6ea08ec_like; Type: INDEX; Schema: public; Owner: -
--

CREATE INDEX auth_group_name_a6ea08ec_like ON public.auth_group USING btree (name varchar_pattern_ops);


--
-- Name: auth_group_permissions_group_id_b120cbf9; Type: INDEX; Schema: public; Owner: -
--

CREATE INDEX auth_group_permissions_group_id_b120cbf9 ON public.auth_group_permissions USING btree (group_id);


--
-- Name: auth_group_permissions_permission_id_84c5c92e; Type: INDEX; Schema: public; Owner: -
--

CREATE INDEX auth_group_permissions_permission_id_84c5c92e ON public.auth_group_permissions USING btree (permission_id);


--
-- Name: auth_permission_content_type_id_2f476e4b; Type: INDEX; Schema: public; Owner: -
--

CREATE INDEX auth_permission_content_type_id_2f476e4b ON public.auth_permission USING btree (content_type_id);


--
-- Name: auth_user_groups_group_id_97559544; Type: INDEX; Schema: public; Owner: -
--

CREATE INDEX auth_user_groups_group_id_97559544 ON public.auth_user_groups USING btree (group_id);


--
-- Name: auth_user_groups_user_id_6a12ed8b; Type: INDEX; Schema: public; Owner: -
--

CREATE INDEX auth_user_groups_user_id_6a12ed8b ON public.auth_user_groups USING btree (user_id);


--
-- Name: auth_user_user_permissions_permission_id_1fbb5f2c; Type: INDEX; Schema: public; Owner: -
--

CREATE INDEX auth_user_user_permissions_permission_id_1fbb5f2c ON public.auth_user_user_permissions USING btree (permission_id);


--
-- Name: auth_user_user_permissions_user_id_a95ead1b; Type: INDEX; Schema: public; Owner: -
--

CREATE INDEX auth_user_user_permissions_user_id_a95ead1b ON public.auth_user_user_permissions USING btree (user_id);


--
-- Name: auth_user_username_6821ab7c_like; Type: INDEX; Schema: public; Owner: -
--

CREATE INDEX auth_user_username_6821ab7c_like ON public.auth_user USING btree (username varchar_pattern_ops);


--
-- Name: concepto_pago_codigo_2fc6a8f8_like; Type: INDEX; Schema: public; Owner: -
--

CREATE INDEX concepto_pago_codigo_2fc6a8f8_like ON public.concepto_pago USING btree (codigo varchar_pattern_ops);


--
-- Name: cuenta_correo_electronico_27870941_like; Type: INDEX; Schema: public; Owner: -
--

CREATE INDEX cuenta_correo_electronico_27870941_like ON public.cuenta USING btree (correo_electronico varchar_pattern_ops);


--
-- Name: cuenta_estado_cuenta_id_da82fe13; Type: INDEX; Schema: public; Owner: -
--

CREATE INDEX cuenta_estado_cuenta_id_da82fe13 ON public.cuenta USING btree (estado_cuenta_id);


--
-- Name: cuenta_estado_cuenta_id_da82fe13_like; Type: INDEX; Schema: public; Owner: -
--

CREATE INDEX cuenta_estado_cuenta_id_da82fe13_like ON public.cuenta USING btree (estado_cuenta_id varchar_pattern_ops);


--
-- Name: cuenta_firebase_uid_1388a828_like; Type: INDEX; Schema: public; Owner: -
--

CREATE INDEX cuenta_firebase_uid_1388a828_like ON public.cuenta USING btree (firebase_uid varchar_pattern_ops);


--
-- Name: datos_cliente_correo_electronico_a27faeb9_like; Type: INDEX; Schema: public; Owner: -
--

CREATE INDEX datos_cliente_correo_electronico_a27faeb9_like ON public.datos_cliente USING btree (correo_electronico varchar_pattern_ops);


--
-- Name: datos_cliente_cuenta_id_1a241c4e; Type: INDEX; Schema: public; Owner: -
--

CREATE INDEX datos_cliente_cuenta_id_1a241c4e ON public.datos_cliente USING btree (cuenta_id);


--
-- Name: datos_cliente_tipo_cliente_id_b573971f; Type: INDEX; Schema: public; Owner: -
--

CREATE INDEX datos_cliente_tipo_cliente_id_b573971f ON public.datos_cliente USING btree (tipo_cliente_id);


--
-- Name: datos_cliente_tipo_cliente_id_b573971f_like; Type: INDEX; Schema: public; Owner: -
--

CREATE INDEX datos_cliente_tipo_cliente_id_b573971f_like ON public.datos_cliente USING btree (tipo_cliente_id varchar_pattern_ops);


--
-- Name: django_admin_log_content_type_id_c4bce8eb; Type: INDEX; Schema: public; Owner: -
--

CREATE INDEX django_admin_log_content_type_id_c4bce8eb ON public.django_admin_log USING btree (content_type_id);


--
-- Name: django_admin_log_user_id_c564eba6; Type: INDEX; Schema: public; Owner: -
--

CREATE INDEX django_admin_log_user_id_c564eba6 ON public.django_admin_log USING btree (user_id);


--
-- Name: django_session_expire_date_a5c62663; Type: INDEX; Schema: public; Owner: -
--

CREATE INDEX django_session_expire_date_a5c62663 ON public.django_session USING btree (expire_date);


--
-- Name: django_session_session_key_c0390e0f_like; Type: INDEX; Schema: public; Owner: -
--

CREATE INDEX django_session_session_key_c0390e0f_like ON public.django_session USING btree (session_key varchar_pattern_ops);


--
-- Name: encuesta_reservacion_id_9bbd360d; Type: INDEX; Schema: public; Owner: -
--

CREATE INDEX encuesta_reservacion_id_9bbd360d ON public.encuesta USING btree (reservacion_id);


--
-- Name: equipamiento_tipo_equipa_id_6021d437; Type: INDEX; Schema: public; Owner: -
--

CREATE INDEX equipamiento_tipo_equipa_id_6021d437 ON public.equipamiento USING btree (tipo_equipa_id);


--
-- Name: estado_cuenta_codigo_b8d7e8c6_like; Type: INDEX; Schema: public; Owner: -
--

CREATE INDEX estado_cuenta_codigo_b8d7e8c6_like ON public.estado_cuenta USING btree (codigo varchar_pattern_ops);


--
-- Name: estado_equipa_codigo_1390871c_like; Type: INDEX; Schema: public; Owner: -
--

CREATE INDEX estado_equipa_codigo_1390871c_like ON public.estado_equipa USING btree (codigo varchar_pattern_ops);


--
-- Name: estado_mobil_codigo_b054b6a0_like; Type: INDEX; Schema: public; Owner: -
--

CREATE INDEX estado_mobil_codigo_b054b6a0_like ON public.estado_mobil USING btree (codigo varchar_pattern_ops);


--
-- Name: estado_reserva_codigo_514f7533_like; Type: INDEX; Schema: public; Owner: -
--

CREATE INDEX estado_reserva_codigo_514f7533_like ON public.estado_reserva USING btree (codigo varchar_pattern_ops);


--
-- Name: estado_salon_codigo_b7fe9670_like; Type: INDEX; Schema: public; Owner: -
--

CREATE INDEX estado_salon_codigo_b7fe9670_like ON public.estado_salon USING btree (codigo varchar_pattern_ops);


--
-- Name: inventario_equipa_equipamiento_id_919efa50; Type: INDEX; Schema: public; Owner: -
--

CREATE INDEX inventario_equipa_equipamiento_id_919efa50 ON public.inventario_equipa USING btree (equipamiento_id);


--
-- Name: inventario_equipa_estado_equipa_id_08c3eee0; Type: INDEX; Schema: public; Owner: -
--

CREATE INDEX inventario_equipa_estado_equipa_id_08c3eee0 ON public.inventario_equipa USING btree (estado_equipa_id);


--
-- Name: inventario_equipa_estado_equipa_id_08c3eee0_like; Type: INDEX; Schema: public; Owner: -
--

CREATE INDEX inventario_equipa_estado_equipa_id_08c3eee0_like ON public.inventario_equipa USING btree (estado_equipa_id varchar_pattern_ops);


--
-- Name: inventario_mobil_estado_mobil_id_63c376f7; Type: INDEX; Schema: public; Owner: -
--

CREATE INDEX inventario_mobil_estado_mobil_id_63c376f7 ON public.inventario_mobil USING btree (estado_mobil_id);


--
-- Name: inventario_mobil_estado_mobil_id_63c376f7_like; Type: INDEX; Schema: public; Owner: -
--

CREATE INDEX inventario_mobil_estado_mobil_id_63c376f7_like ON public.inventario_mobil USING btree (estado_mobil_id varchar_pattern_ops);


--
-- Name: inventario_mobil_mobiliario_id_bdd44c7b; Type: INDEX; Schema: public; Owner: -
--

CREATE INDEX inventario_mobil_mobiliario_id_bdd44c7b ON public.inventario_mobil USING btree (mobiliario_id);


--
-- Name: metodo_pago_codigo_c19229b9_like; Type: INDEX; Schema: public; Owner: -
--

CREATE INDEX metodo_pago_codigo_c19229b9_like ON public.metodo_pago USING btree (codigo varchar_pattern_ops);


--
-- Name: mobiliario_descripcion_mob_caractermobil_id_2dbdf09e; Type: INDEX; Schema: public; Owner: -
--

CREATE INDEX mobiliario_descripcion_mob_caractermobil_id_2dbdf09e ON public.mobiliario_descripcion_mob USING btree (caractermobil_id);


--
-- Name: mobiliario_descripcion_mob_mobiliario_id_4edf83ce; Type: INDEX; Schema: public; Owner: -
--

CREATE INDEX mobiliario_descripcion_mob_mobiliario_id_4edf83ce ON public.mobiliario_descripcion_mob USING btree (mobiliario_id);


--
-- Name: mobiliario_tipo_movil_id_56c345c4; Type: INDEX; Schema: public; Owner: -
--

CREATE INDEX mobiliario_tipo_movil_id_56c345c4 ON public.mobiliario USING btree (tipo_movil_id);


--
-- Name: montaje_mobilairio_mobiliario_id_c96f85b8; Type: INDEX; Schema: public; Owner: -
--

CREATE INDEX montaje_mobilairio_mobiliario_id_c96f85b8 ON public.montaje_mobiliario USING btree (mobiliario_id);


--
-- Name: montaje_mobilairio_montaje_id_01d9cb23; Type: INDEX; Schema: public; Owner: -
--

CREATE INDEX montaje_mobilairio_montaje_id_01d9cb23 ON public.montaje_mobiliario USING btree (montaje_id);


--
-- Name: montaje_salon_id_b5f87ced; Type: INDEX; Schema: public; Owner: -
--

CREATE INDEX montaje_salon_id_b5f87ced ON public.montaje USING btree (salon_id);


--
-- Name: montaje_tipo_montaje_id_9d5bfdc9; Type: INDEX; Schema: public; Owner: -
--

CREATE INDEX montaje_tipo_montaje_id_9d5bfdc9 ON public.montaje USING btree (tipo_montaje_id);


--
-- Name: pago_concepto_pago_id_fd93a518; Type: INDEX; Schema: public; Owner: -
--

CREATE INDEX pago_concepto_pago_id_fd93a518 ON public.pago USING btree (concepto_pago_id);


--
-- Name: pago_concepto_pago_id_fd93a518_like; Type: INDEX; Schema: public; Owner: -
--

CREATE INDEX pago_concepto_pago_id_fd93a518_like ON public.pago USING btree (concepto_pago_id varchar_pattern_ops);


--
-- Name: pago_metodo_pago_id_a0b7dc7c; Type: INDEX; Schema: public; Owner: -
--

CREATE INDEX pago_metodo_pago_id_a0b7dc7c ON public.pago USING btree (metodo_pago_id);


--
-- Name: pago_metodo_pago_id_a0b7dc7c_like; Type: INDEX; Schema: public; Owner: -
--

CREATE INDEX pago_metodo_pago_id_a0b7dc7c_like ON public.pago USING btree (metodo_pago_id varchar_pattern_ops);


--
-- Name: pago_reservacion_id_26479676; Type: INDEX; Schema: public; Owner: -
--

CREATE INDEX pago_reservacion_id_26479676 ON public.pago USING btree (reservacion_id);


--
-- Name: registr_esta_reserva_estado_reserva_id_644e722d; Type: INDEX; Schema: public; Owner: -
--

CREATE INDEX registr_esta_reserva_estado_reserva_id_644e722d ON public.registr_esta_reserva USING btree (estado_reserva_id);


--
-- Name: registr_esta_reserva_estado_reserva_id_644e722d_like; Type: INDEX; Schema: public; Owner: -
--

CREATE INDEX registr_esta_reserva_estado_reserva_id_644e722d_like ON public.registr_esta_reserva USING btree (estado_reserva_id varchar_pattern_ops);


--
-- Name: registr_esta_reserva_reservacion_id_5fc3eef8; Type: INDEX; Schema: public; Owner: -
--

CREATE INDEX registr_esta_reserva_reservacion_id_5fc3eef8 ON public.registr_esta_reserva USING btree (reservacion_id);


--
-- Name: registr_esta_salon_estado_salon_id_548a8918; Type: INDEX; Schema: public; Owner: -
--

CREATE INDEX registr_esta_salon_estado_salon_id_548a8918 ON public.registr_esta_salon USING btree (estado_salon_id);


--
-- Name: registr_esta_salon_estado_salon_id_548a8918_like; Type: INDEX; Schema: public; Owner: -
--

CREATE INDEX registr_esta_salon_estado_salon_id_548a8918_like ON public.registr_esta_salon USING btree (estado_salon_id varchar_pattern_ops);


--
-- Name: registr_esta_salon_salon_id_adbf1493; Type: INDEX; Schema: public; Owner: -
--

CREATE INDEX registr_esta_salon_salon_id_adbf1493 ON public.registr_esta_salon USING btree (salon_id);


--
-- Name: reserva_equipa_equipamiento_id_26d8d847; Type: INDEX; Schema: public; Owner: -
--

CREATE INDEX reserva_equipa_equipamiento_id_26d8d847 ON public.reserva_equipa USING btree (equipamiento_id);


--
-- Name: reserva_equipa_reservacion_id_0b171f76; Type: INDEX; Schema: public; Owner: -
--

CREATE INDEX reserva_equipa_reservacion_id_0b171f76 ON public.reserva_equipa USING btree (reservacion_id);


--
-- Name: reserva_servicio_reservacion_id_93bbde60; Type: INDEX; Schema: public; Owner: -
--

CREATE INDEX reserva_servicio_reservacion_id_93bbde60 ON public.reserva_servicio USING btree (reservacion_id);


--
-- Name: reserva_servicio_servicio_id_5def8690; Type: INDEX; Schema: public; Owner: -
--

CREATE INDEX reserva_servicio_servicio_id_5def8690 ON public.reserva_servicio USING btree (servicio_id);


--
-- Name: reservacion_cliente_id_88926292; Type: INDEX; Schema: public; Owner: -
--

CREATE INDEX reservacion_cliente_id_88926292 ON public.reservacion USING btree (cliente_id);


--
-- Name: reservacion_estado_reserva_id_8cb72091; Type: INDEX; Schema: public; Owner: -
--

CREATE INDEX reservacion_estado_reserva_id_8cb72091 ON public.reservacion USING btree (estado_reserva_id);


--
-- Name: reservacion_estado_reserva_id_8cb72091_like; Type: INDEX; Schema: public; Owner: -
--

CREATE INDEX reservacion_estado_reserva_id_8cb72091_like ON public.reservacion USING btree (estado_reserva_id varchar_pattern_ops);


--
-- Name: reservacion_montaje_id_f3642367; Type: INDEX; Schema: public; Owner: -
--

CREATE INDEX reservacion_montaje_id_f3642367 ON public.reservacion USING btree (montaje_id);


--
-- Name: reservacion_tipo_evento_id_fa708b83; Type: INDEX; Schema: public; Owner: -
--

CREATE INDEX reservacion_tipo_evento_id_fa708b83 ON public.reservacion USING btree (tipo_evento_id);


--
-- Name: reservacion_trabajador_id_97a6d485; Type: INDEX; Schema: public; Owner: -
--

CREATE INDEX reservacion_trabajador_id_97a6d485 ON public.reservacion USING btree (trabajador_id);


--
-- Name: reservacion_trabajador_id_97a6d485_like; Type: INDEX; Schema: public; Owner: -
--

CREATE INDEX reservacion_trabajador_id_97a6d485_like ON public.reservacion USING btree (trabajador_id varchar_pattern_ops);


--
-- Name: rol_codigo_13ae6e82_like; Type: INDEX; Schema: public; Owner: -
--

CREATE INDEX rol_codigo_13ae6e82_like ON public.rol USING btree (codigo varchar_pattern_ops);


--
-- Name: rol_nombre_ab94fcd3_like; Type: INDEX; Schema: public; Owner: -
--

CREATE INDEX rol_nombre_ab94fcd3_like ON public.rol USING btree (nombre varchar_pattern_ops);


--
-- Name: salon_estado_salon_id_f03c9bd4; Type: INDEX; Schema: public; Owner: -
--

CREATE INDEX salon_estado_salon_id_f03c9bd4 ON public.salon USING btree (estado_salon_id);


--
-- Name: salon_estado_salon_id_f03c9bd4_like; Type: INDEX; Schema: public; Owner: -
--

CREATE INDEX salon_estado_salon_id_f03c9bd4_like ON public.salon USING btree (estado_salon_id varchar_pattern_ops);


--
-- Name: servicio_tipo_servicio_id_a92b2abd; Type: INDEX; Schema: public; Owner: -
--

CREATE INDEX servicio_tipo_servicio_id_a92b2abd ON public.servicio USING btree (tipo_servicio_id);


--
-- Name: tipo_cliente_codigo_0e4eafff_like; Type: INDEX; Schema: public; Owner: -
--

CREATE INDEX tipo_cliente_codigo_0e4eafff_like ON public.tipo_cliente USING btree (codigo varchar_pattern_ops);


--
-- Name: trabajador_correo_electronico_004573a2_like; Type: INDEX; Schema: public; Owner: -
--

CREATE INDEX trabajador_correo_electronico_004573a2_like ON public.trabajador USING btree (correo_electronico varchar_pattern_ops);


--
-- Name: trabajador_cuenta_id_7c90f712; Type: INDEX; Schema: public; Owner: -
--

CREATE INDEX trabajador_cuenta_id_7c90f712 ON public.trabajador USING btree (cuenta_id);


--
-- Name: trabajador_no_empleado_dcd0315f_like; Type: INDEX; Schema: public; Owner: -
--

CREATE INDEX trabajador_no_empleado_dcd0315f_like ON public.trabajador USING btree (no_empleado varchar_pattern_ops);


--
-- Name: trabajador_rol_id_f6315938; Type: INDEX; Schema: public; Owner: -
--

CREATE INDEX trabajador_rol_id_f6315938 ON public.trabajador USING btree (rol_id);


--
-- Name: trabajador_rol_id_f6315938_like; Type: INDEX; Schema: public; Owner: -
--

CREATE INDEX trabajador_rol_id_f6315938_like ON public.trabajador USING btree (rol_id varchar_pattern_ops);


--
-- Name: auth_group_permissions auth_group_permissio_permission_id_84c5c92e_fk_auth_perm; Type: FK CONSTRAINT; Schema: public; Owner: -
--

ALTER TABLE ONLY public.auth_group_permissions
    ADD CONSTRAINT auth_group_permissio_permission_id_84c5c92e_fk_auth_perm FOREIGN KEY (permission_id) REFERENCES public.auth_permission(id) DEFERRABLE INITIALLY DEFERRED;


--
-- Name: auth_group_permissions auth_group_permissions_group_id_b120cbf9_fk_auth_group_id; Type: FK CONSTRAINT; Schema: public; Owner: -
--

ALTER TABLE ONLY public.auth_group_permissions
    ADD CONSTRAINT auth_group_permissions_group_id_b120cbf9_fk_auth_group_id FOREIGN KEY (group_id) REFERENCES public.auth_group(id) DEFERRABLE INITIALLY DEFERRED;


--
-- Name: auth_permission auth_permission_content_type_id_2f476e4b_fk_django_co; Type: FK CONSTRAINT; Schema: public; Owner: -
--

ALTER TABLE ONLY public.auth_permission
    ADD CONSTRAINT auth_permission_content_type_id_2f476e4b_fk_django_co FOREIGN KEY (content_type_id) REFERENCES public.django_content_type(id) DEFERRABLE INITIALLY DEFERRED;


--
-- Name: auth_user_groups auth_user_groups_group_id_97559544_fk_auth_group_id; Type: FK CONSTRAINT; Schema: public; Owner: -
--

ALTER TABLE ONLY public.auth_user_groups
    ADD CONSTRAINT auth_user_groups_group_id_97559544_fk_auth_group_id FOREIGN KEY (group_id) REFERENCES public.auth_group(id) DEFERRABLE INITIALLY DEFERRED;


--
-- Name: auth_user_groups auth_user_groups_user_id_6a12ed8b_fk_auth_user_id; Type: FK CONSTRAINT; Schema: public; Owner: -
--

ALTER TABLE ONLY public.auth_user_groups
    ADD CONSTRAINT auth_user_groups_user_id_6a12ed8b_fk_auth_user_id FOREIGN KEY (user_id) REFERENCES public.auth_user(id) DEFERRABLE INITIALLY DEFERRED;


--
-- Name: auth_user_user_permissions auth_user_user_permi_permission_id_1fbb5f2c_fk_auth_perm; Type: FK CONSTRAINT; Schema: public; Owner: -
--

ALTER TABLE ONLY public.auth_user_user_permissions
    ADD CONSTRAINT auth_user_user_permi_permission_id_1fbb5f2c_fk_auth_perm FOREIGN KEY (permission_id) REFERENCES public.auth_permission(id) DEFERRABLE INITIALLY DEFERRED;


--
-- Name: auth_user_user_permissions auth_user_user_permissions_user_id_a95ead1b_fk_auth_user_id; Type: FK CONSTRAINT; Schema: public; Owner: -
--

ALTER TABLE ONLY public.auth_user_user_permissions
    ADD CONSTRAINT auth_user_user_permissions_user_id_a95ead1b_fk_auth_user_id FOREIGN KEY (user_id) REFERENCES public.auth_user(id) DEFERRABLE INITIALLY DEFERRED;


--
-- Name: cuenta cuenta_estado_cuenta_id_da82fe13_fk_estado_cuenta_codigo; Type: FK CONSTRAINT; Schema: public; Owner: -
--

ALTER TABLE ONLY public.cuenta
    ADD CONSTRAINT cuenta_estado_cuenta_id_da82fe13_fk_estado_cuenta_codigo FOREIGN KEY (estado_cuenta_id) REFERENCES public.estado_cuenta(codigo) DEFERRABLE INITIALLY DEFERRED;


--
-- Name: datos_cliente datos_cliente_cuenta_id_1a241c4e_fk_cuenta_id; Type: FK CONSTRAINT; Schema: public; Owner: -
--

ALTER TABLE ONLY public.datos_cliente
    ADD CONSTRAINT datos_cliente_cuenta_id_1a241c4e_fk_cuenta_id FOREIGN KEY (cuenta_id) REFERENCES public.cuenta(id) DEFERRABLE INITIALLY DEFERRED;


--
-- Name: datos_cliente datos_cliente_tipo_cliente_id_b573971f_fk_tipo_cliente_codigo; Type: FK CONSTRAINT; Schema: public; Owner: -
--

ALTER TABLE ONLY public.datos_cliente
    ADD CONSTRAINT datos_cliente_tipo_cliente_id_b573971f_fk_tipo_cliente_codigo FOREIGN KEY (tipo_cliente_id) REFERENCES public.tipo_cliente(codigo) DEFERRABLE INITIALLY DEFERRED;


--
-- Name: django_admin_log django_admin_log_content_type_id_c4bce8eb_fk_django_co; Type: FK CONSTRAINT; Schema: public; Owner: -
--

ALTER TABLE ONLY public.django_admin_log
    ADD CONSTRAINT django_admin_log_content_type_id_c4bce8eb_fk_django_co FOREIGN KEY (content_type_id) REFERENCES public.django_content_type(id) DEFERRABLE INITIALLY DEFERRED;


--
-- Name: django_admin_log django_admin_log_user_id_c564eba6_fk_auth_user_id; Type: FK CONSTRAINT; Schema: public; Owner: -
--

ALTER TABLE ONLY public.django_admin_log
    ADD CONSTRAINT django_admin_log_user_id_c564eba6_fk_auth_user_id FOREIGN KEY (user_id) REFERENCES public.auth_user(id) DEFERRABLE INITIALLY DEFERRED;


--
-- Name: encuesta encuesta_reservacion_id_9bbd360d_fk_reservacion_id; Type: FK CONSTRAINT; Schema: public; Owner: -
--

ALTER TABLE ONLY public.encuesta
    ADD CONSTRAINT encuesta_reservacion_id_9bbd360d_fk_reservacion_id FOREIGN KEY (reservacion_id) REFERENCES public.reservacion(id) DEFERRABLE INITIALLY DEFERRED;


--
-- Name: equipamiento equipamiento_tipo_equipa_id_6021d437_fk_tipo_equipa_id; Type: FK CONSTRAINT; Schema: public; Owner: -
--

ALTER TABLE ONLY public.equipamiento
    ADD CONSTRAINT equipamiento_tipo_equipa_id_6021d437_fk_tipo_equipa_id FOREIGN KEY (tipo_equipa_id) REFERENCES public.tipo_equipa(id) DEFERRABLE INITIALLY DEFERRED;


--
-- Name: inventario_equipa inventario_equipa_equipamiento_id_919efa50_fk_equipamiento_id; Type: FK CONSTRAINT; Schema: public; Owner: -
--

ALTER TABLE ONLY public.inventario_equipa
    ADD CONSTRAINT inventario_equipa_equipamiento_id_919efa50_fk_equipamiento_id FOREIGN KEY (equipamiento_id) REFERENCES public.equipamiento(id) DEFERRABLE INITIALLY DEFERRED;


--
-- Name: inventario_equipa inventario_equipa_estado_equipa_id_08c3eee0_fk_estado_eq; Type: FK CONSTRAINT; Schema: public; Owner: -
--

ALTER TABLE ONLY public.inventario_equipa
    ADD CONSTRAINT inventario_equipa_estado_equipa_id_08c3eee0_fk_estado_eq FOREIGN KEY (estado_equipa_id) REFERENCES public.estado_equipa(codigo) DEFERRABLE INITIALLY DEFERRED;


--
-- Name: inventario_mobil inventario_mobil_estado_mobil_id_63c376f7_fk_estado_mo; Type: FK CONSTRAINT; Schema: public; Owner: -
--

ALTER TABLE ONLY public.inventario_mobil
    ADD CONSTRAINT inventario_mobil_estado_mobil_id_63c376f7_fk_estado_mo FOREIGN KEY (estado_mobil_id) REFERENCES public.estado_mobil(codigo) DEFERRABLE INITIALLY DEFERRED;


--
-- Name: inventario_mobil inventario_mobil_mobiliario_id_bdd44c7b_fk_mobiliario_id; Type: FK CONSTRAINT; Schema: public; Owner: -
--

ALTER TABLE ONLY public.inventario_mobil
    ADD CONSTRAINT inventario_mobil_mobiliario_id_bdd44c7b_fk_mobiliario_id FOREIGN KEY (mobiliario_id) REFERENCES public.mobiliario(id) DEFERRABLE INITIALLY DEFERRED;


--
-- Name: mobiliario_descripcion_mob mobiliario_descripci_caractermobil_id_2dbdf09e_fk_caracter_; Type: FK CONSTRAINT; Schema: public; Owner: -
--

ALTER TABLE ONLY public.mobiliario_descripcion_mob
    ADD CONSTRAINT mobiliario_descripci_caractermobil_id_2dbdf09e_fk_caracter_ FOREIGN KEY (caractermobil_id) REFERENCES public.caracter_mobi(id) DEFERRABLE INITIALLY DEFERRED;


--
-- Name: mobiliario_descripcion_mob mobiliario_descripci_mobiliario_id_4edf83ce_fk_mobiliari; Type: FK CONSTRAINT; Schema: public; Owner: -
--

ALTER TABLE ONLY public.mobiliario_descripcion_mob
    ADD CONSTRAINT mobiliario_descripci_mobiliario_id_4edf83ce_fk_mobiliari FOREIGN KEY (mobiliario_id) REFERENCES public.mobiliario(id) DEFERRABLE INITIALLY DEFERRED;


--
-- Name: mobiliario mobiliario_tipo_movil_id_56c345c4_fk_tipo_mobil_id; Type: FK CONSTRAINT; Schema: public; Owner: -
--

ALTER TABLE ONLY public.mobiliario
    ADD CONSTRAINT mobiliario_tipo_movil_id_56c345c4_fk_tipo_mobil_id FOREIGN KEY (tipo_movil_id) REFERENCES public.tipo_mobil(id) DEFERRABLE INITIALLY DEFERRED;


--
-- Name: montaje_mobiliario montaje_mobilairio_mobiliario_id_c96f85b8_fk_mobiliario_id; Type: FK CONSTRAINT; Schema: public; Owner: -
--

ALTER TABLE ONLY public.montaje_mobiliario
    ADD CONSTRAINT montaje_mobilairio_mobiliario_id_c96f85b8_fk_mobiliario_id FOREIGN KEY (mobiliario_id) REFERENCES public.mobiliario(id) DEFERRABLE INITIALLY DEFERRED;


--
-- Name: montaje_mobiliario montaje_mobilairio_montaje_id_01d9cb23_fk_montaje_id; Type: FK CONSTRAINT; Schema: public; Owner: -
--

ALTER TABLE ONLY public.montaje_mobiliario
    ADD CONSTRAINT montaje_mobilairio_montaje_id_01d9cb23_fk_montaje_id FOREIGN KEY (montaje_id) REFERENCES public.montaje(id) DEFERRABLE INITIALLY DEFERRED;


--
-- Name: montaje montaje_salon_id_b5f87ced_fk_salon_id; Type: FK CONSTRAINT; Schema: public; Owner: -
--

ALTER TABLE ONLY public.montaje
    ADD CONSTRAINT montaje_salon_id_b5f87ced_fk_salon_id FOREIGN KEY (salon_id) REFERENCES public.salon(id) DEFERRABLE INITIALLY DEFERRED;


--
-- Name: montaje montaje_tipo_montaje_id_9d5bfdc9_fk_tipo_montaje_id; Type: FK CONSTRAINT; Schema: public; Owner: -
--

ALTER TABLE ONLY public.montaje
    ADD CONSTRAINT montaje_tipo_montaje_id_9d5bfdc9_fk_tipo_montaje_id FOREIGN KEY (tipo_montaje_id) REFERENCES public.tipo_montaje(id) DEFERRABLE INITIALLY DEFERRED;


--
-- Name: pago pago_concepto_pago_id_fd93a518_fk_concepto_pago_codigo; Type: FK CONSTRAINT; Schema: public; Owner: -
--

ALTER TABLE ONLY public.pago
    ADD CONSTRAINT pago_concepto_pago_id_fd93a518_fk_concepto_pago_codigo FOREIGN KEY (concepto_pago_id) REFERENCES public.concepto_pago(codigo) DEFERRABLE INITIALLY DEFERRED;


--
-- Name: pago pago_metodo_pago_id_a0b7dc7c_fk_metodo_pago_codigo; Type: FK CONSTRAINT; Schema: public; Owner: -
--

ALTER TABLE ONLY public.pago
    ADD CONSTRAINT pago_metodo_pago_id_a0b7dc7c_fk_metodo_pago_codigo FOREIGN KEY (metodo_pago_id) REFERENCES public.metodo_pago(codigo) DEFERRABLE INITIALLY DEFERRED;


--
-- Name: pago pago_reservacion_id_26479676_fk_reservacion_id; Type: FK CONSTRAINT; Schema: public; Owner: -
--

ALTER TABLE ONLY public.pago
    ADD CONSTRAINT pago_reservacion_id_26479676_fk_reservacion_id FOREIGN KEY (reservacion_id) REFERENCES public.reservacion(id) DEFERRABLE INITIALLY DEFERRED;


--
-- Name: registr_esta_reserva registr_esta_reserva_estado_reserva_id_644e722d_fk_estado_re; Type: FK CONSTRAINT; Schema: public; Owner: -
--

ALTER TABLE ONLY public.registr_esta_reserva
    ADD CONSTRAINT registr_esta_reserva_estado_reserva_id_644e722d_fk_estado_re FOREIGN KEY (estado_reserva_id) REFERENCES public.estado_reserva(codigo) DEFERRABLE INITIALLY DEFERRED;


--
-- Name: registr_esta_reserva registr_esta_reserva_reservacion_id_5fc3eef8_fk_reservacion_id; Type: FK CONSTRAINT; Schema: public; Owner: -
--

ALTER TABLE ONLY public.registr_esta_reserva
    ADD CONSTRAINT registr_esta_reserva_reservacion_id_5fc3eef8_fk_reservacion_id FOREIGN KEY (reservacion_id) REFERENCES public.reservacion(id) DEFERRABLE INITIALLY DEFERRED;


--
-- Name: registr_esta_salon registr_esta_salon_estado_salon_id_548a8918_fk_estado_sa; Type: FK CONSTRAINT; Schema: public; Owner: -
--

ALTER TABLE ONLY public.registr_esta_salon
    ADD CONSTRAINT registr_esta_salon_estado_salon_id_548a8918_fk_estado_sa FOREIGN KEY (estado_salon_id) REFERENCES public.estado_salon(codigo) DEFERRABLE INITIALLY DEFERRED;


--
-- Name: registr_esta_salon registr_esta_salon_salon_id_adbf1493_fk_salon_id; Type: FK CONSTRAINT; Schema: public; Owner: -
--

ALTER TABLE ONLY public.registr_esta_salon
    ADD CONSTRAINT registr_esta_salon_salon_id_adbf1493_fk_salon_id FOREIGN KEY (salon_id) REFERENCES public.salon(id) DEFERRABLE INITIALLY DEFERRED;


--
-- Name: reserva_equipa reserva_equipa_equipamiento_id_26d8d847_fk_equipamiento_id; Type: FK CONSTRAINT; Schema: public; Owner: -
--

ALTER TABLE ONLY public.reserva_equipa
    ADD CONSTRAINT reserva_equipa_equipamiento_id_26d8d847_fk_equipamiento_id FOREIGN KEY (equipamiento_id) REFERENCES public.equipamiento(id) DEFERRABLE INITIALLY DEFERRED;


--
-- Name: reserva_equipa reserva_equipa_reservacion_id_0b171f76_fk_reservacion_id; Type: FK CONSTRAINT; Schema: public; Owner: -
--

ALTER TABLE ONLY public.reserva_equipa
    ADD CONSTRAINT reserva_equipa_reservacion_id_0b171f76_fk_reservacion_id FOREIGN KEY (reservacion_id) REFERENCES public.reservacion(id) DEFERRABLE INITIALLY DEFERRED;


--
-- Name: reserva_servicio reserva_servicio_reservacion_id_93bbde60_fk_reservacion_id; Type: FK CONSTRAINT; Schema: public; Owner: -
--

ALTER TABLE ONLY public.reserva_servicio
    ADD CONSTRAINT reserva_servicio_reservacion_id_93bbde60_fk_reservacion_id FOREIGN KEY (reservacion_id) REFERENCES public.reservacion(id) DEFERRABLE INITIALLY DEFERRED;


--
-- Name: reserva_servicio reserva_servicio_servicio_id_5def8690_fk_servicio_id; Type: FK CONSTRAINT; Schema: public; Owner: -
--

ALTER TABLE ONLY public.reserva_servicio
    ADD CONSTRAINT reserva_servicio_servicio_id_5def8690_fk_servicio_id FOREIGN KEY (servicio_id) REFERENCES public.servicio(id) DEFERRABLE INITIALLY DEFERRED;


--
-- Name: reservacion reservacion_cliente_id_88926292_fk_datos_cliente_id; Type: FK CONSTRAINT; Schema: public; Owner: -
--

ALTER TABLE ONLY public.reservacion
    ADD CONSTRAINT reservacion_cliente_id_88926292_fk_datos_cliente_id FOREIGN KEY (cliente_id) REFERENCES public.datos_cliente(id) DEFERRABLE INITIALLY DEFERRED;


--
-- Name: reservacion reservacion_estado_reserva_id_8cb72091_fk_estado_reserva_codigo; Type: FK CONSTRAINT; Schema: public; Owner: -
--

ALTER TABLE ONLY public.reservacion
    ADD CONSTRAINT reservacion_estado_reserva_id_8cb72091_fk_estado_reserva_codigo FOREIGN KEY (estado_reserva_id) REFERENCES public.estado_reserva(codigo) DEFERRABLE INITIALLY DEFERRED;


--
-- Name: reservacion reservacion_montaje_id_f3642367_fk_montaje_id; Type: FK CONSTRAINT; Schema: public; Owner: -
--

ALTER TABLE ONLY public.reservacion
    ADD CONSTRAINT reservacion_montaje_id_f3642367_fk_montaje_id FOREIGN KEY (montaje_id) REFERENCES public.montaje(id) DEFERRABLE INITIALLY DEFERRED;


--
-- Name: reservacion reservacion_tipo_evento_id_fa708b83_fk_tipo_evento_id; Type: FK CONSTRAINT; Schema: public; Owner: -
--

ALTER TABLE ONLY public.reservacion
    ADD CONSTRAINT reservacion_tipo_evento_id_fa708b83_fk_tipo_evento_id FOREIGN KEY (tipo_evento_id) REFERENCES public.tipo_evento(id) DEFERRABLE INITIALLY DEFERRED;


--
-- Name: reservacion reservacion_trabajador_id_97a6d485_fk_trabajador_no_empleado; Type: FK CONSTRAINT; Schema: public; Owner: -
--

ALTER TABLE ONLY public.reservacion
    ADD CONSTRAINT reservacion_trabajador_id_97a6d485_fk_trabajador_no_empleado FOREIGN KEY (trabajador_id) REFERENCES public.trabajador(no_empleado) DEFERRABLE INITIALLY DEFERRED;


--
-- Name: salon salon_estado_salon_id_f03c9bd4_fk_estado_salon_codigo; Type: FK CONSTRAINT; Schema: public; Owner: -
--

ALTER TABLE ONLY public.salon
    ADD CONSTRAINT salon_estado_salon_id_f03c9bd4_fk_estado_salon_codigo FOREIGN KEY (estado_salon_id) REFERENCES public.estado_salon(codigo) DEFERRABLE INITIALLY DEFERRED;


--
-- Name: servicio servicio_tipo_servicio_id_a92b2abd_fk_tipo_servicio_id; Type: FK CONSTRAINT; Schema: public; Owner: -
--

ALTER TABLE ONLY public.servicio
    ADD CONSTRAINT servicio_tipo_servicio_id_a92b2abd_fk_tipo_servicio_id FOREIGN KEY (tipo_servicio_id) REFERENCES public.tipo_servicio(id) DEFERRABLE INITIALLY DEFERRED;


--
-- Name: trabajador trabajador_cuenta_id_7c90f712_fk_cuenta_id; Type: FK CONSTRAINT; Schema: public; Owner: -
--

ALTER TABLE ONLY public.trabajador
    ADD CONSTRAINT trabajador_cuenta_id_7c90f712_fk_cuenta_id FOREIGN KEY (cuenta_id) REFERENCES public.cuenta(id) DEFERRABLE INITIALLY DEFERRED;


--
-- Name: trabajador trabajador_rol_id_f6315938_fk_rol_codigo; Type: FK CONSTRAINT; Schema: public; Owner: -
--

ALTER TABLE ONLY public.trabajador
    ADD CONSTRAINT trabajador_rol_id_f6315938_fk_rol_codigo FOREIGN KEY (rol_id) REFERENCES public.rol(codigo) DEFERRABLE INITIALLY DEFERRED;


--
-- PostgreSQL database dump complete
--

\unrestrict 9OWnnRSMgqRpLui2mkvuWnaJww6hzQ9DDcdPDdTnsZ5aZzOzhrOo2Yh6BmOagvW

