--
-- PostgreSQL database dump
--

\restrict wbUf1zUA2dmcTLJAQgjeNukCNnkthvsoF9GYACF5zy4XM2ck1YRAcRWVwJ6GB8q

-- Dumped from database version 18.2
-- Dumped by pg_dump version 18.2

SET statement_timeout = 0;
SET lock_timeout = 0;
SET idle_in_transaction_session_timeout = 0;
SET transaction_timeout = 0;
SET client_encoding = 'UTF8';
SET standard_conforming_strings = on;
SELECT pg_catalog.set_config('search_path', '', false);
SET check_function_bodies = false;
SET xmloption = content;
SET client_min_messages = warning;
SET row_security = off;

SET default_tablespace = '';

SET default_table_access_method = heap;

--
-- Name: auth_group; Type: TABLE; Schema: public; Owner: postgres
--

CREATE TABLE public.auth_group (
    id integer NOT NULL,
    name character varying(150) NOT NULL
);


ALTER TABLE public.auth_group OWNER TO postgres;

--
-- Name: auth_group_id_seq; Type: SEQUENCE; Schema: public; Owner: postgres
--

ALTER TABLE public.auth_group ALTER COLUMN id ADD GENERATED BY DEFAULT AS IDENTITY (
    SEQUENCE NAME public.auth_group_id_seq
    START WITH 1
    INCREMENT BY 1
    NO MINVALUE
    NO MAXVALUE
    CACHE 1
);


--
-- Name: auth_group_permissions; Type: TABLE; Schema: public; Owner: postgres
--

CREATE TABLE public.auth_group_permissions (
    id bigint NOT NULL,
    group_id integer NOT NULL,
    permission_id integer NOT NULL
);


ALTER TABLE public.auth_group_permissions OWNER TO postgres;

--
-- Name: auth_group_permissions_id_seq; Type: SEQUENCE; Schema: public; Owner: postgres
--

ALTER TABLE public.auth_group_permissions ALTER COLUMN id ADD GENERATED BY DEFAULT AS IDENTITY (
    SEQUENCE NAME public.auth_group_permissions_id_seq
    START WITH 1
    INCREMENT BY 1
    NO MINVALUE
    NO MAXVALUE
    CACHE 1
);


--
-- Name: auth_permission; Type: TABLE; Schema: public; Owner: postgres
--

CREATE TABLE public.auth_permission (
    id integer NOT NULL,
    name character varying(255) NOT NULL,
    content_type_id integer NOT NULL,
    codename character varying(100) NOT NULL
);


ALTER TABLE public.auth_permission OWNER TO postgres;

--
-- Name: auth_permission_id_seq; Type: SEQUENCE; Schema: public; Owner: postgres
--

ALTER TABLE public.auth_permission ALTER COLUMN id ADD GENERATED BY DEFAULT AS IDENTITY (
    SEQUENCE NAME public.auth_permission_id_seq
    START WITH 1
    INCREMENT BY 1
    NO MINVALUE
    NO MAXVALUE
    CACHE 1
);


--
-- Name: auth_user; Type: TABLE; Schema: public; Owner: postgres
--

CREATE TABLE public.auth_user (
    id integer NOT NULL,
    password character varying(128) NOT NULL,
    last_login timestamp with time zone,
    is_superuser boolean NOT NULL,
    username character varying(150) NOT NULL,
    first_name character varying(150) NOT NULL,
    last_name character varying(150) NOT NULL,
    email character varying(254) NOT NULL,
    is_staff boolean NOT NULL,
    is_active boolean NOT NULL,
    date_joined timestamp with time zone NOT NULL
);


ALTER TABLE public.auth_user OWNER TO postgres;

--
-- Name: auth_user_groups; Type: TABLE; Schema: public; Owner: postgres
--

CREATE TABLE public.auth_user_groups (
    id bigint NOT NULL,
    user_id integer NOT NULL,
    group_id integer NOT NULL
);


ALTER TABLE public.auth_user_groups OWNER TO postgres;

--
-- Name: auth_user_groups_id_seq; Type: SEQUENCE; Schema: public; Owner: postgres
--

ALTER TABLE public.auth_user_groups ALTER COLUMN id ADD GENERATED BY DEFAULT AS IDENTITY (
    SEQUENCE NAME public.auth_user_groups_id_seq
    START WITH 1
    INCREMENT BY 1
    NO MINVALUE
    NO MAXVALUE
    CACHE 1
);


--
-- Name: auth_user_id_seq; Type: SEQUENCE; Schema: public; Owner: postgres
--

ALTER TABLE public.auth_user ALTER COLUMN id ADD GENERATED BY DEFAULT AS IDENTITY (
    SEQUENCE NAME public.auth_user_id_seq
    START WITH 1
    INCREMENT BY 1
    NO MINVALUE
    NO MAXVALUE
    CACHE 1
);


--
-- Name: auth_user_user_permissions; Type: TABLE; Schema: public; Owner: postgres
--

CREATE TABLE public.auth_user_user_permissions (
    id bigint NOT NULL,
    user_id integer NOT NULL,
    permission_id integer NOT NULL
);


ALTER TABLE public.auth_user_user_permissions OWNER TO postgres;

--
-- Name: auth_user_user_permissions_id_seq; Type: SEQUENCE; Schema: public; Owner: postgres
--

ALTER TABLE public.auth_user_user_permissions ALTER COLUMN id ADD GENERATED BY DEFAULT AS IDENTITY (
    SEQUENCE NAME public.auth_user_user_permissions_id_seq
    START WITH 1
    INCREMENT BY 1
    NO MINVALUE
    NO MAXVALUE
    CACHE 1
);


--
-- Name: caracter_mobi; Type: TABLE; Schema: public; Owner: postgres
--

CREATE TABLE public.caracter_mobi (
    id bigint NOT NULL,
    descripcion character varying(550) NOT NULL
);


ALTER TABLE public.caracter_mobi OWNER TO postgres;

--
-- Name: caracter_mobi_id_seq; Type: SEQUENCE; Schema: public; Owner: postgres
--

ALTER TABLE public.caracter_mobi ALTER COLUMN id ADD GENERATED BY DEFAULT AS IDENTITY (
    SEQUENCE NAME public.caracter_mobi_id_seq
    START WITH 1
    INCREMENT BY 1
    NO MINVALUE
    NO MAXVALUE
    CACHE 1
);


--
-- Name: concepto_pago; Type: TABLE; Schema: public; Owner: postgres
--

CREATE TABLE public.concepto_pago (
    codigo character varying(5) NOT NULL,
    nombre character varying(100) NOT NULL
);


ALTER TABLE public.concepto_pago OWNER TO postgres;

--
-- Name: cuenta; Type: TABLE; Schema: public; Owner: postgres
--

CREATE TABLE public.cuenta (
    id bigint NOT NULL,
    nombre_usuario character varying(100) NOT NULL,
    correo_electronico character varying(254) NOT NULL,
    estado_cuenta_id character varying(5) NOT NULL,
    firebase_uid character varying(255)
);


ALTER TABLE public.cuenta OWNER TO postgres;

--
-- Name: cuenta_id_seq; Type: SEQUENCE; Schema: public; Owner: postgres
--

ALTER TABLE public.cuenta ALTER COLUMN id ADD GENERATED BY DEFAULT AS IDENTITY (
    SEQUENCE NAME public.cuenta_id_seq
    START WITH 1
    INCREMENT BY 1
    NO MINVALUE
    NO MAXVALUE
    CACHE 1
);


--
-- Name: datos_cliente; Type: TABLE; Schema: public; Owner: postgres
--

CREATE TABLE public.datos_cliente (
    id bigint NOT NULL,
    rfc character varying(13) NOT NULL,
    nombre_fiscal character varying(150) NOT NULL,
    nombre character varying(150) NOT NULL,
    "apellidoPaterno" character varying(150) NOT NULL,
    "apelidoMaterno" character varying(150),
    telefono character varying(15) NOT NULL,
    correo_electronico character varying(254) NOT NULL,
    dir_colonia character varying(150) NOT NULL,
    dir_calle character varying(150) NOT NULL,
    dir_numero character varying(50) NOT NULL,
    cuenta_id bigint,
    tipo_cliente_id character varying(5) NOT NULL
);


ALTER TABLE public.datos_cliente OWNER TO postgres;

--
-- Name: datos_cliente_id_seq; Type: SEQUENCE; Schema: public; Owner: postgres
--

ALTER TABLE public.datos_cliente ALTER COLUMN id ADD GENERATED BY DEFAULT AS IDENTITY (
    SEQUENCE NAME public.datos_cliente_id_seq
    START WITH 1
    INCREMENT BY 1
    NO MINVALUE
    NO MAXVALUE
    CACHE 1
);


--
-- Name: django_admin_log; Type: TABLE; Schema: public; Owner: postgres
--

CREATE TABLE public.django_admin_log (
    id integer NOT NULL,
    action_time timestamp with time zone NOT NULL,
    object_id text,
    object_repr character varying(200) NOT NULL,
    action_flag smallint NOT NULL,
    change_message text NOT NULL,
    content_type_id integer,
    user_id integer NOT NULL,
    CONSTRAINT django_admin_log_action_flag_check CHECK ((action_flag >= 0))
);


ALTER TABLE public.django_admin_log OWNER TO postgres;

--
-- Name: django_admin_log_id_seq; Type: SEQUENCE; Schema: public; Owner: postgres
--

ALTER TABLE public.django_admin_log ALTER COLUMN id ADD GENERATED BY DEFAULT AS IDENTITY (
    SEQUENCE NAME public.django_admin_log_id_seq
    START WITH 1
    INCREMENT BY 1
    NO MINVALUE
    NO MAXVALUE
    CACHE 1
);


--
-- Name: django_content_type; Type: TABLE; Schema: public; Owner: postgres
--

CREATE TABLE public.django_content_type (
    id integer NOT NULL,
    app_label character varying(100) NOT NULL,
    model character varying(100) NOT NULL
);


ALTER TABLE public.django_content_type OWNER TO postgres;

--
-- Name: django_content_type_id_seq; Type: SEQUENCE; Schema: public; Owner: postgres
--

ALTER TABLE public.django_content_type ALTER COLUMN id ADD GENERATED BY DEFAULT AS IDENTITY (
    SEQUENCE NAME public.django_content_type_id_seq
    START WITH 1
    INCREMENT BY 1
    NO MINVALUE
    NO MAXVALUE
    CACHE 1
);


--
-- Name: django_migrations; Type: TABLE; Schema: public; Owner: postgres
--

CREATE TABLE public.django_migrations (
    id bigint NOT NULL,
    app character varying(255) NOT NULL,
    name character varying(255) NOT NULL,
    applied timestamp with time zone NOT NULL
);


ALTER TABLE public.django_migrations OWNER TO postgres;

--
-- Name: django_migrations_id_seq; Type: SEQUENCE; Schema: public; Owner: postgres
--

ALTER TABLE public.django_migrations ALTER COLUMN id ADD GENERATED BY DEFAULT AS IDENTITY (
    SEQUENCE NAME public.django_migrations_id_seq
    START WITH 1
    INCREMENT BY 1
    NO MINVALUE
    NO MAXVALUE
    CACHE 1
);


--
-- Name: django_session; Type: TABLE; Schema: public; Owner: postgres
--

CREATE TABLE public.django_session (
    session_key character varying(40) NOT NULL,
    session_data text NOT NULL,
    expire_date timestamp with time zone NOT NULL
);


ALTER TABLE public.django_session OWNER TO postgres;

--
-- Name: encuesta; Type: TABLE; Schema: public; Owner: postgres
--

CREATE TABLE public.encuesta (
    id bigint NOT NULL,
    personal integer NOT NULL,
    equipamiento integer NOT NULL,
    servicios integer NOT NULL,
    salon integer NOT NULL,
    mobiliario integer NOT NULL,
    reservacion_id bigint NOT NULL,
    comentario text
);


ALTER TABLE public.encuesta OWNER TO postgres;

--
-- Name: encuesta_id_seq; Type: SEQUENCE; Schema: public; Owner: postgres
--

ALTER TABLE public.encuesta ALTER COLUMN id ADD GENERATED BY DEFAULT AS IDENTITY (
    SEQUENCE NAME public.encuesta_id_seq
    START WITH 1
    INCREMENT BY 1
    NO MINVALUE
    NO MAXVALUE
    CACHE 1
);


--
-- Name: equipamiento; Type: TABLE; Schema: public; Owner: postgres
--

CREATE TABLE public.equipamiento (
    id bigint NOT NULL,
    nombre character varying(75) NOT NULL,
    descripcion character varying(550) NOT NULL,
    costo numeric(10,2) NOT NULL,
    stock integer NOT NULL,
    tipo_equipa_id bigint NOT NULL
);


ALTER TABLE public.equipamiento OWNER TO postgres;

--
-- Name: equipamiento_id_seq; Type: SEQUENCE; Schema: public; Owner: postgres
--

ALTER TABLE public.equipamiento ALTER COLUMN id ADD GENERATED BY DEFAULT AS IDENTITY (
    SEQUENCE NAME public.equipamiento_id_seq
    START WITH 1
    INCREMENT BY 1
    NO MINVALUE
    NO MAXVALUE
    CACHE 1
);


--
-- Name: estado_cuenta; Type: TABLE; Schema: public; Owner: postgres
--

CREATE TABLE public.estado_cuenta (
    codigo character varying(5) NOT NULL,
    nombre character varying(100) NOT NULL
);


ALTER TABLE public.estado_cuenta OWNER TO postgres;

--
-- Name: estado_equipa; Type: TABLE; Schema: public; Owner: postgres
--

CREATE TABLE public.estado_equipa (
    codigo character varying(5) NOT NULL,
    nombre character varying(100) NOT NULL
);


ALTER TABLE public.estado_equipa OWNER TO postgres;

--
-- Name: estado_mobil; Type: TABLE; Schema: public; Owner: postgres
--

CREATE TABLE public.estado_mobil (
    codigo character varying(5) NOT NULL,
    nombre character varying(100) NOT NULL
);


ALTER TABLE public.estado_mobil OWNER TO postgres;

--
-- Name: estado_reserva; Type: TABLE; Schema: public; Owner: postgres
--

CREATE TABLE public.estado_reserva (
    codigo character varying(5) NOT NULL,
    nombre character varying(100) NOT NULL
);


ALTER TABLE public.estado_reserva OWNER TO postgres;

--
-- Name: estado_salon; Type: TABLE; Schema: public; Owner: postgres
--

CREATE TABLE public.estado_salon (
    codigo character varying(5) NOT NULL,
    nombre character varying(100) NOT NULL
);


ALTER TABLE public.estado_salon OWNER TO postgres;

--
-- Name: inventario_equipa; Type: TABLE; Schema: public; Owner: postgres
--

CREATE TABLE public.inventario_equipa (
    id bigint NOT NULL,
    cantidad integer NOT NULL,
    equipamiento_id bigint NOT NULL,
    estado_equipa_id character varying(5) NOT NULL
);


ALTER TABLE public.inventario_equipa OWNER TO postgres;

--
-- Name: inventario_equipa_id_seq; Type: SEQUENCE; Schema: public; Owner: postgres
--

ALTER TABLE public.inventario_equipa ALTER COLUMN id ADD GENERATED BY DEFAULT AS IDENTITY (
    SEQUENCE NAME public.inventario_equipa_id_seq
    START WITH 1
    INCREMENT BY 1
    NO MINVALUE
    NO MAXVALUE
    CACHE 1
);


--
-- Name: inventario_mobil; Type: TABLE; Schema: public; Owner: postgres
--

CREATE TABLE public.inventario_mobil (
    id bigint NOT NULL,
    cantidad integer NOT NULL,
    estado_mobil_id character varying(5) NOT NULL,
    mobiliario_id bigint NOT NULL
);


ALTER TABLE public.inventario_mobil OWNER TO postgres;

--
-- Name: inventario_mobil_id_seq; Type: SEQUENCE; Schema: public; Owner: postgres
--

ALTER TABLE public.inventario_mobil ALTER COLUMN id ADD GENERATED BY DEFAULT AS IDENTITY (
    SEQUENCE NAME public.inventario_mobil_id_seq
    START WITH 1
    INCREMENT BY 1
    NO MINVALUE
    NO MAXVALUE
    CACHE 1
);


--
-- Name: metodo_pago; Type: TABLE; Schema: public; Owner: postgres
--

CREATE TABLE public.metodo_pago (
    codigo character varying(5) NOT NULL,
    nombre character varying(100) NOT NULL
);


ALTER TABLE public.metodo_pago OWNER TO postgres;

--
-- Name: mobiliario; Type: TABLE; Schema: public; Owner: postgres
--

CREATE TABLE public.mobiliario (
    id bigint NOT NULL,
    nombre character varying(75) NOT NULL,
    descripcion character varying(550) NOT NULL,
    costo numeric(10,2) NOT NULL,
    stock integer NOT NULL,
    tipo_movil_id bigint NOT NULL
);


ALTER TABLE public.mobiliario OWNER TO postgres;

--
-- Name: mobiliario_descripcion_mob; Type: TABLE; Schema: public; Owner: postgres
--

CREATE TABLE public.mobiliario_descripcion_mob (
    id bigint NOT NULL,
    mobiliario_id bigint NOT NULL,
    caractermobil_id bigint NOT NULL
);


ALTER TABLE public.mobiliario_descripcion_mob OWNER TO postgres;

--
-- Name: mobiliario_descripcion_mob_id_seq; Type: SEQUENCE; Schema: public; Owner: postgres
--

ALTER TABLE public.mobiliario_descripcion_mob ALTER COLUMN id ADD GENERATED BY DEFAULT AS IDENTITY (
    SEQUENCE NAME public.mobiliario_descripcion_mob_id_seq
    START WITH 1
    INCREMENT BY 1
    NO MINVALUE
    NO MAXVALUE
    CACHE 1
);


--
-- Name: mobiliario_id_seq; Type: SEQUENCE; Schema: public; Owner: postgres
--

ALTER TABLE public.mobiliario ALTER COLUMN id ADD GENERATED BY DEFAULT AS IDENTITY (
    SEQUENCE NAME public.mobiliario_id_seq
    START WITH 1
    INCREMENT BY 1
    NO MINVALUE
    NO MAXVALUE
    CACHE 1
);


--
-- Name: montaje; Type: TABLE; Schema: public; Owner: postgres
--

CREATE TABLE public.montaje (
    id bigint NOT NULL,
    costo numeric(10,2),
    salon_id bigint NOT NULL,
    tipo_montaje_id bigint NOT NULL
);


ALTER TABLE public.montaje OWNER TO postgres;

--
-- Name: montaje_id_seq; Type: SEQUENCE; Schema: public; Owner: postgres
--

ALTER TABLE public.montaje ALTER COLUMN id ADD GENERATED BY DEFAULT AS IDENTITY (
    SEQUENCE NAME public.montaje_id_seq
    START WITH 1
    INCREMENT BY 1
    NO MINVALUE
    NO MAXVALUE
    CACHE 1
);


--
-- Name: montaje_mobiliario; Type: TABLE; Schema: public; Owner: postgres
--

CREATE TABLE public.montaje_mobiliario (
    id bigint CONSTRAINT montaje_mobilairio_id_not_null NOT NULL,
    cantidad integer CONSTRAINT montaje_mobilairio_cantidad_not_null NOT NULL,
    completado boolean,
    mobiliario_id bigint CONSTRAINT montaje_mobilairio_mobiliario_id_not_null NOT NULL,
    montaje_id bigint CONSTRAINT montaje_mobilairio_montaje_id_not_null NOT NULL,
    extra boolean
);


ALTER TABLE public.montaje_mobiliario OWNER TO postgres;

--
-- Name: montaje_mobilairio_id_seq; Type: SEQUENCE; Schema: public; Owner: postgres
--

ALTER TABLE public.montaje_mobiliario ALTER COLUMN id ADD GENERATED BY DEFAULT AS IDENTITY (
    SEQUENCE NAME public.montaje_mobilairio_id_seq
    START WITH 1
    INCREMENT BY 1
    NO MINVALUE
    NO MAXVALUE
    CACHE 1
);


--
-- Name: pago; Type: TABLE; Schema: public; Owner: postgres
--

CREATE TABLE public.pago (
    id bigint NOT NULL,
    nota character varying(100) NOT NULL,
    monto numeric(10,2) NOT NULL,
    fecha date NOT NULL,
    hora time without time zone NOT NULL,
    no_pago integer NOT NULL,
    concepto_pago_id character varying(5) NOT NULL,
    metodo_pago_id character varying(5) NOT NULL,
    reservacion_id bigint NOT NULL,
    saldo numeric(10,2) NOT NULL
);


ALTER TABLE public.pago OWNER TO postgres;

--
-- Name: pago_id_seq; Type: SEQUENCE; Schema: public; Owner: postgres
--

ALTER TABLE public.pago ALTER COLUMN id ADD GENERATED BY DEFAULT AS IDENTITY (
    SEQUENCE NAME public.pago_id_seq
    START WITH 1
    INCREMENT BY 1
    NO MINVALUE
    NO MAXVALUE
    CACHE 1
);


--
-- Name: registr_esta_reserva; Type: TABLE; Schema: public; Owner: postgres
--

CREATE TABLE public.registr_esta_reserva (
    id bigint NOT NULL,
    fecha date,
    estado_reserva_id character varying(5) NOT NULL,
    reservacion_id bigint NOT NULL
);


ALTER TABLE public.registr_esta_reserva OWNER TO postgres;

--
-- Name: registr_esta_reserva_id_seq; Type: SEQUENCE; Schema: public; Owner: postgres
--

ALTER TABLE public.registr_esta_reserva ALTER COLUMN id ADD GENERATED BY DEFAULT AS IDENTITY (
    SEQUENCE NAME public.registr_esta_reserva_id_seq
    START WITH 1
    INCREMENT BY 1
    NO MINVALUE
    NO MAXVALUE
    CACHE 1
);


--
-- Name: registr_esta_salon; Type: TABLE; Schema: public; Owner: postgres
--

CREATE TABLE public.registr_esta_salon (
    id bigint NOT NULL,
    fecha date,
    estado_salon_id character varying(5) NOT NULL,
    salon_id bigint NOT NULL
);


ALTER TABLE public.registr_esta_salon OWNER TO postgres;

--
-- Name: registr_esta_salon_id_seq; Type: SEQUENCE; Schema: public; Owner: postgres
--

ALTER TABLE public.registr_esta_salon ALTER COLUMN id ADD GENERATED BY DEFAULT AS IDENTITY (
    SEQUENCE NAME public.registr_esta_salon_id_seq
    START WITH 1
    INCREMENT BY 1
    NO MINVALUE
    NO MAXVALUE
    CACHE 1
);


--
-- Name: reserva_equipa; Type: TABLE; Schema: public; Owner: postgres
--

CREATE TABLE public.reserva_equipa (
    id bigint NOT NULL,
    cantidad integer NOT NULL,
    equipamiento_id bigint NOT NULL,
    reservacion_id bigint NOT NULL,
    completado boolean,
    extra boolean
);


ALTER TABLE public.reserva_equipa OWNER TO postgres;

--
-- Name: reserva_equipa_id_seq; Type: SEQUENCE; Schema: public; Owner: postgres
--

ALTER TABLE public.reserva_equipa ALTER COLUMN id ADD GENERATED BY DEFAULT AS IDENTITY (
    SEQUENCE NAME public.reserva_equipa_id_seq
    START WITH 1
    INCREMENT BY 1
    NO MINVALUE
    NO MAXVALUE
    CACHE 1
);


--
-- Name: reserva_servicio; Type: TABLE; Schema: public; Owner: postgres
--

CREATE TABLE public.reserva_servicio (
    id bigint NOT NULL,
    extra boolean,
    reservacion_id bigint NOT NULL,
    servicio_id bigint NOT NULL,
    completado boolean
);


ALTER TABLE public.reserva_servicio OWNER TO postgres;

--
-- Name: reserva_servicio_id_seq; Type: SEQUENCE; Schema: public; Owner: postgres
--

ALTER TABLE public.reserva_servicio ALTER COLUMN id ADD GENERATED BY DEFAULT AS IDENTITY (
    SEQUENCE NAME public.reserva_servicio_id_seq
    START WITH 1
    INCREMENT BY 1
    NO MINVALUE
    NO MAXVALUE
    CACHE 1
);


--
-- Name: reservacion; Type: TABLE; Schema: public; Owner: postgres
--

CREATE TABLE public.reservacion (
    id bigint NOT NULL,
    "descripEvento" character varying(550) NOT NULL,
    "estimaAsistentes" integer,
    "fechaReservacion" date NOT NULL,
    "fechaEvento" date,
    "horaInicio" time without time zone,
    "horaFin" time without time zone,
    subtotal numeric(10,2),
    "IVA" numeric(10,2),
    total numeric(10,2),
    cliente_id bigint,
    estado_reserva_id character varying(5) NOT NULL,
    montaje_id bigint,
    tipo_evento_id bigint NOT NULL,
    "nombreEvento" character varying(100) NOT NULL,
    trabajador_id character varying(10),
    es_paquete boolean NOT NULL,
    nombre_paquete character varying(100) NOT NULL,
    checklist_coordinador jsonb DEFAULT '{}'::jsonb,
    checklist_almacenista jsonb DEFAULT '{}'::jsonb,
    progreso_checklist double precision DEFAULT 0.0
);


ALTER TABLE public.reservacion OWNER TO postgres;

--
-- Name: reservacion_id_seq; Type: SEQUENCE; Schema: public; Owner: postgres
--

ALTER TABLE public.reservacion ALTER COLUMN id ADD GENERATED BY DEFAULT AS IDENTITY (
    SEQUENCE NAME public.reservacion_id_seq
    START WITH 1
    INCREMENT BY 1
    NO MINVALUE
    NO MAXVALUE
    CACHE 1
);


--
-- Name: rol; Type: TABLE; Schema: public; Owner: postgres
--

CREATE TABLE public.rol (
    codigo character varying(5) NOT NULL,
    nombre character varying(100) NOT NULL
);


ALTER TABLE public.rol OWNER TO postgres;

--
-- Name: salon; Type: TABLE; Schema: public; Owner: postgres
--

CREATE TABLE public.salon (
    id bigint NOT NULL,
    nombre character varying(50) NOT NULL,
    costo numeric(10,2) NOT NULL,
    ubicacion character varying(100) NOT NULL,
    "dimenLargo" numeric(10,2) NOT NULL,
    "dimenAncho" numeric(10,2) NOT NULL,
    "dimenAlto" numeric(10,2) NOT NULL,
    "metrosCuadrados" numeric(10,2) NOT NULL,
    "maxCapacidad" integer NOT NULL,
    estado_salon_id character varying(5) NOT NULL
);


ALTER TABLE public.salon OWNER TO postgres;

--
-- Name: salon_id_seq; Type: SEQUENCE; Schema: public; Owner: postgres
--

ALTER TABLE public.salon ALTER COLUMN id ADD GENERATED BY DEFAULT AS IDENTITY (
    SEQUENCE NAME public.salon_id_seq
    START WITH 1
    INCREMENT BY 1
    NO MINVALUE
    NO MAXVALUE
    CACHE 1
);


--
-- Name: servicio; Type: TABLE; Schema: public; Owner: postgres
--

CREATE TABLE public.servicio (
    id bigint NOT NULL,
    nombre character varying(75) NOT NULL,
    descripcion character varying(550) NOT NULL,
    costo numeric(10,2) NOT NULL,
    disposicion boolean NOT NULL,
    tipo_servicio_id bigint NOT NULL
);


ALTER TABLE public.servicio OWNER TO postgres;

--
-- Name: servicio_id_seq; Type: SEQUENCE; Schema: public; Owner: postgres
--

ALTER TABLE public.servicio ALTER COLUMN id ADD GENERATED BY DEFAULT AS IDENTITY (
    SEQUENCE NAME public.servicio_id_seq
    START WITH 1
    INCREMENT BY 1
    NO MINVALUE
    NO MAXVALUE
    CACHE 1
);


--
-- Name: tipo_cliente; Type: TABLE; Schema: public; Owner: postgres
--

CREATE TABLE public.tipo_cliente (
    codigo character varying(5) NOT NULL,
    nombre character varying(100) NOT NULL,
    disposicion boolean NOT NULL
);


ALTER TABLE public.tipo_cliente OWNER TO postgres;

--
-- Name: tipo_equipa; Type: TABLE; Schema: public; Owner: postgres
--

CREATE TABLE public.tipo_equipa (
    id bigint NOT NULL,
    nombre character varying(100) NOT NULL,
    disposicion boolean NOT NULL
);


ALTER TABLE public.tipo_equipa OWNER TO postgres;

--
-- Name: tipo_equipa_id_seq; Type: SEQUENCE; Schema: public; Owner: postgres
--

ALTER TABLE public.tipo_equipa ALTER COLUMN id ADD GENERATED BY DEFAULT AS IDENTITY (
    SEQUENCE NAME public.tipo_equipa_id_seq
    START WITH 1
    INCREMENT BY 1
    NO MINVALUE
    NO MAXVALUE
    CACHE 1
);


--
-- Name: tipo_evento; Type: TABLE; Schema: public; Owner: postgres
--

CREATE TABLE public.tipo_evento (
    id bigint NOT NULL,
    nombre character varying(100) NOT NULL,
    disposicion boolean NOT NULL
);


ALTER TABLE public.tipo_evento OWNER TO postgres;

--
-- Name: tipo_evento_id_seq; Type: SEQUENCE; Schema: public; Owner: postgres
--

ALTER TABLE public.tipo_evento ALTER COLUMN id ADD GENERATED BY DEFAULT AS IDENTITY (
    SEQUENCE NAME public.tipo_evento_id_seq
    START WITH 1
    INCREMENT BY 1
    NO MINVALUE
    NO MAXVALUE
    CACHE 1
);


--
-- Name: tipo_mobil; Type: TABLE; Schema: public; Owner: postgres
--

CREATE TABLE public.tipo_mobil (
    id bigint NOT NULL,
    nombre character varying(100) NOT NULL,
    disposicion boolean NOT NULL
);


ALTER TABLE public.tipo_mobil OWNER TO postgres;

--
-- Name: tipo_mobil_id_seq; Type: SEQUENCE; Schema: public; Owner: postgres
--

ALTER TABLE public.tipo_mobil ALTER COLUMN id ADD GENERATED BY DEFAULT AS IDENTITY (
    SEQUENCE NAME public.tipo_mobil_id_seq
    START WITH 1
    INCREMENT BY 1
    NO MINVALUE
    NO MAXVALUE
    CACHE 1
);


--
-- Name: tipo_montaje; Type: TABLE; Schema: public; Owner: postgres
--

CREATE TABLE public.tipo_montaje (
    id bigint NOT NULL,
    nombre character varying(100) NOT NULL,
    disposicion boolean NOT NULL,
    "capacidadIdeal" integer DEFAULT 0,
    descripcion character varying(255) NOT NULL
);


ALTER TABLE public.tipo_montaje OWNER TO postgres;

--
-- Name: tipo_montaje_id_seq; Type: SEQUENCE; Schema: public; Owner: postgres
--

ALTER TABLE public.tipo_montaje ALTER COLUMN id ADD GENERATED BY DEFAULT AS IDENTITY (
    SEQUENCE NAME public.tipo_montaje_id_seq
    START WITH 1
    INCREMENT BY 1
    NO MINVALUE
    NO MAXVALUE
    CACHE 1
);


--
-- Name: tipo_servicio; Type: TABLE; Schema: public; Owner: postgres
--

CREATE TABLE public.tipo_servicio (
    id bigint NOT NULL,
    nombre character varying(100) NOT NULL,
    descripcion character varying(550) NOT NULL,
    disposicion boolean NOT NULL
);


ALTER TABLE public.tipo_servicio OWNER TO postgres;

--
-- Name: tipo_servicio_id_seq; Type: SEQUENCE; Schema: public; Owner: postgres
--

ALTER TABLE public.tipo_servicio ALTER COLUMN id ADD GENERATED BY DEFAULT AS IDENTITY (
    SEQUENCE NAME public.tipo_servicio_id_seq
    START WITH 1
    INCREMENT BY 1
    NO MINVALUE
    NO MAXVALUE
    CACHE 1
);


--
-- Name: trabajador; Type: TABLE; Schema: public; Owner: postgres
--

CREATE TABLE public.trabajador (
    no_empleado character varying(10) NOT NULL,
    rfc character varying(13) NOT NULL,
    nombre character varying(150) NOT NULL,
    "apellidoPaterno" character varying(150) NOT NULL,
    "apelidoMaterno" character varying(150),
    telefono character varying(15) NOT NULL,
    correo_electronico character varying(254) NOT NULL,
    cuenta_id bigint NOT NULL,
    rol_id character varying(5) NOT NULL
);


ALTER TABLE public.trabajador OWNER TO postgres;

--
-- Data for Name: auth_group; Type: TABLE DATA; Schema: public; Owner: postgres
--

COPY public.auth_group (id, name) FROM stdin;
\.


--
-- Data for Name: auth_group_permissions; Type: TABLE DATA; Schema: public; Owner: postgres
--

COPY public.auth_group_permissions (id, group_id, permission_id) FROM stdin;
\.


--
-- Data for Name: auth_permission; Type: TABLE DATA; Schema: public; Owner: postgres
--

COPY public.auth_permission (id, name, content_type_id, codename) FROM stdin;
1	Can add log entry	1	add_logentry
2	Can change log entry	1	change_logentry
3	Can delete log entry	1	delete_logentry
4	Can view log entry	1	view_logentry
5	Can add permission	3	add_permission
6	Can change permission	3	change_permission
7	Can delete permission	3	delete_permission
8	Can view permission	3	view_permission
9	Can add group	2	add_group
10	Can change group	2	change_group
11	Can delete group	2	delete_group
12	Can view group	2	view_group
13	Can add user	4	add_user
14	Can change user	4	change_user
15	Can delete user	4	delete_user
16	Can view user	4	view_user
17	Can add content type	5	add_contenttype
18	Can change content type	5	change_contenttype
19	Can delete content type	5	delete_contenttype
20	Can view content type	5	view_contenttype
21	Can add session	6	add_session
22	Can change session	6	change_session
23	Can delete session	6	delete_session
24	Can view session	6	view_session
25	Can add Tipo de servicio	37	add_tiposervicio
26	Can change Tipo de servicio	37	change_tiposervicio
27	Can delete Tipo de servicio	37	delete_tiposervicio
28	Can view Tipo de servicio	37	view_tiposervicio
29	Can add Estado de cuenta	13	add_estadocuenta
30	Can change Estado de cuenta	13	change_estadocuenta
31	Can delete Estado de cuenta	13	delete_estadocuenta
32	Can view Estado de cuenta	13	view_estadocuenta
33	Can add Rol	29	add_rol
34	Can change Rol	29	change_rol
35	Can delete Rol	29	delete_rol
36	Can view Rol	29	view_rol
37	Can add Tipo de cliente	32	add_tipocliente
38	Can change Tipo de cliente	32	change_tipocliente
39	Can delete Tipo de cliente	32	delete_tipocliente
40	Can view Tipo de cliente	32	view_tipocliente
41	Can add Cuenta	9	add_cuenta
42	Can change Cuenta	9	change_cuenta
43	Can delete Cuenta	9	delete_cuenta
44	Can view Cuenta	9	view_cuenta
45	Can add Datos del cliente	10	add_datoscliente
46	Can change Datos del cliente	10	change_datoscliente
47	Can delete Datos del cliente	10	delete_datoscliente
48	Can view Datos del cliente	10	view_datoscliente
49	Can add Trabajador	38	add_trabajador
50	Can change Trabajador	38	change_trabajador
51	Can delete Trabajador	38	delete_trabajador
52	Can view Trabajador	38	view_trabajador
53	Can add Característica de mobiliario	7	add_caractermobil
54	Can change Característica de mobiliario	7	change_caractermobil
55	Can delete Característica de mobiliario	7	delete_caractermobil
56	Can view Característica de mobiliario	7	view_caractermobil
57	Can add Concepto de pago	8	add_conceptopago
58	Can change Concepto de pago	8	change_conceptopago
59	Can delete Concepto de pago	8	delete_conceptopago
60	Can view Concepto de pago	8	view_conceptopago
61	Can add Equipamiento	12	add_equipamiento
62	Can change Equipamiento	12	change_equipamiento
63	Can delete Equipamiento	12	delete_equipamiento
64	Can view Equipamiento	12	view_equipamiento
65	Can add Estado de equipamiento	14	add_estadoequipa
66	Can change Estado de equipamiento	14	change_estadoequipa
67	Can delete Estado de equipamiento	14	delete_estadoequipa
68	Can view Estado de equipamiento	14	view_estadoequipa
69	Can add Estado de mobiliario	15	add_estadomobil
70	Can change Estado de mobiliario	15	change_estadomobil
71	Can delete Estado de mobiliario	15	delete_estadomobil
72	Can view Estado de mobiliario	15	view_estadomobil
73	Can add Estado de reservacion	16	add_estadoreserva
74	Can change Estado de reservacion	16	change_estadoreserva
75	Can delete Estado de reservacion	16	delete_estadoreserva
76	Can view Estado de reservacion	16	view_estadoreserva
77	Can add Estado de salón	17	add_estadosalon
78	Can change Estado de salón	17	change_estadosalon
79	Can delete Estado de salón	17	delete_estadosalon
80	Can view Estado de salón	17	view_estadosalon
81	Can add Método de pago	20	add_metodopago
82	Can change Método de pago	20	change_metodopago
83	Can delete Método de pago	20	delete_metodopago
84	Can view Método de pago	20	view_metodopago
85	Can add Montaje	22	add_montaje
86	Can change Montaje	22	change_montaje
87	Can delete Montaje	22	delete_montaje
88	Can view Montaje	22	view_montaje
89	Can add Tipo de equipamiento	33	add_tipoequipa
90	Can change Tipo de equipamiento	33	change_tipoequipa
91	Can delete Tipo de equipamiento	33	delete_tipoequipa
92	Can view Tipo de equipamiento	33	view_tipoequipa
93	Can add Tipo de evento	34	add_tipoevento
94	Can change Tipo de evento	34	change_tipoevento
95	Can delete Tipo de evento	34	delete_tipoevento
96	Can view Tipo de evento	34	view_tipoevento
97	Can add Tipo de mobiliario	35	add_tipomobil
98	Can change Tipo de mobiliario	35	change_tipomobil
99	Can delete Tipo de mobiliario	35	delete_tipomobil
100	Can view Tipo de mobiliario	35	view_tipomobil
101	Can add Tipo de montaje	36	add_tipomontaje
102	Can change Tipo de montaje	36	change_tipomontaje
103	Can delete Tipo de montaje	36	delete_tipomontaje
104	Can view Tipo de montaje	36	view_tipomontaje
105	Can add Mobiliario	21	add_mobiliario
106	Can change Mobiliario	21	change_mobiliario
107	Can delete Mobiliario	21	delete_mobiliario
108	Can view Mobiliario	21	view_mobiliario
109	Can add Mobiliarios de un montaje	23	add_montajemobiliario
110	Can change Mobiliarios de un montaje	23	change_montajemobiliario
111	Can delete Mobiliarios de un montaje	23	delete_montajemobiliario
112	Can view Mobiliarios de un montaje	23	view_montajemobiliario
113	Can add Reservacion	27	add_reservacion
114	Can change Reservacion	27	change_reservacion
115	Can delete Reservacion	27	delete_reservacion
116	Can view Reservacion	27	view_reservacion
117	Can add Registro de estado de reservacion	25	add_registrestadreserva
118	Can change Registro de estado de reservacion	25	change_registrestadreserva
119	Can delete Registro de estado de reservacion	25	delete_registrestadreserva
120	Can view Registro de estado de reservacion	25	view_registrestadreserva
121	Can add Pago	24	add_pago
122	Can change Pago	24	change_pago
123	Can delete Pago	24	delete_pago
124	Can view Pago	24	view_pago
125	Can add Encuesta	11	add_encuesta
126	Can change Encuesta	11	change_encuesta
127	Can delete Encuesta	11	delete_encuesta
128	Can view Encuesta	11	view_encuesta
129	Can add Equipamientos de reservacion	28	add_reservaequipa
130	Can change Equipamientos de reservacion	28	change_reservaequipa
131	Can delete Equipamientos de reservacion	28	delete_reservaequipa
132	Can view Equipamientos de reservacion	28	view_reservaequipa
133	Can add Salon	30	add_salon
134	Can change Salon	30	change_salon
135	Can delete Salon	30	delete_salon
136	Can view Salon	30	view_salon
137	Can add Registro de estado de salon	26	add_registrestadsalon
138	Can change Registro de estado de salon	26	change_registrestadsalon
139	Can delete Registro de estado de salon	26	delete_registrestadsalon
140	Can view Registro de estado de salon	26	view_registrestadsalon
141	Can add Servicio	31	add_servicio
142	Can change Servicio	31	change_servicio
143	Can delete Servicio	31	delete_servicio
144	Can view Servicio	31	view_servicio
145	Can add Inventario de equipamiento	18	add_inventarioequipa
146	Can change Inventario de equipamiento	18	change_inventarioequipa
147	Can delete Inventario de equipamiento	18	delete_inventarioequipa
148	Can view Inventario de equipamiento	18	view_inventarioequipa
149	Can add Inventario de mobilario	19	add_inventariomob
150	Can change Inventario de mobilario	19	change_inventariomob
151	Can delete Inventario de mobilario	19	delete_inventariomob
152	Can view Inventario de mobilario	19	view_inventariomob
153	Can add Servicios de reservacion	39	add_reservaservicio
154	Can change Servicios de reservacion	39	change_reservaservicio
155	Can delete Servicios de reservacion	39	delete_reservaservicio
156	Can view Servicios de reservacion	39	view_reservaservicio
\.


--
-- Data for Name: auth_user; Type: TABLE DATA; Schema: public; Owner: postgres
--

COPY public.auth_user (id, password, last_login, is_superuser, username, first_name, last_name, email, is_staff, is_active, date_joined) FROM stdin;
1	pbkdf2_sha256$1200000$cvy1KYsXStqCYNiJIv2ykf$HS0K+lKKXAjUaON+Ie80t3Yd5xdSwmdsWEQ9AaiShKc=	2026-03-27 21:41:13.081772-07	t	luisdgr			luisdagallardo@gmail.com	t	t	2026-03-25 13:14:07.018008-07
3	pbkdf2_sha256$1200000$EpoqFRMHiK7yiJl06hSCnA$x4wBdBGZP0jjl72MvYs6aZtPDYFB9B9fNILKLuqmxHc=	2026-04-15 21:30:42.541276-07	t	ricardo			ricardo@gmail.com	t	t	2026-04-15 21:29:30.649258-07
2	pbkdf2_sha256$1200000$Yz7EgQY9ARRpkCig3z7nz9$vFMSpbYVuhEfQk2t/kA96d20HtiTmAEccQ5NgM7v8Yg=	2026-04-19 13:59:31.119043-07	t	pepe			pepe@gmail.com	t	t	2026-04-02 16:02:19.80223-07
\.


--
-- Data for Name: auth_user_groups; Type: TABLE DATA; Schema: public; Owner: postgres
--

COPY public.auth_user_groups (id, user_id, group_id) FROM stdin;
\.


--
-- Data for Name: auth_user_user_permissions; Type: TABLE DATA; Schema: public; Owner: postgres
--

COPY public.auth_user_user_permissions (id, user_id, permission_id) FROM stdin;
\.


--
-- Data for Name: caracter_mobi; Type: TABLE DATA; Schema: public; Owner: postgres
--

COPY public.caracter_mobi (id, descripcion) FROM stdin;
1	Aaaa
2	s
3	Color negro
4	Asiento acolchonado
5	Estructura de metal
6	Acabados resistentes
7	Ergonómica
8	Negra
9	Giratoria
10	Ajustable
11	Plástica
12	Resistente
13	Apilable
14	Acolchado
15	Elegante
16	Bajo
17	Confortable
18	Madera
19	Amplia
20	Circular
21	Para banquetes
22	Tablero
23	Plegable
24	Larga
25	Versátil
26	Alta
27	Estrecha
28	Metal
29	Para cóctel
30	Firme
31	Amplio
32	Con cajones
33	Superficie lisa
34	Seguro
35	Ventilado
36	Compartimentado
37	Alargada
38	Almacenaje
39	Decorativa
40	Delgado
41	Inclinado
42	Madera/Acrílico
43	Para oradores
44	Elevada
45	Antideslizante
46	Modular
\.


--
-- Data for Name: concepto_pago; Type: TABLE DATA; Schema: public; Owner: postgres
--

COPY public.concepto_pago (codigo, nombre) FROM stdin;
ANTIC	Anticipo
LIQUI	Liquidacion
EXTR	Extra
ABONO	Abono
PENAL	Penalizacion
\.


--
-- Data for Name: cuenta; Type: TABLE DATA; Schema: public; Owner: postgres
--

COPY public.cuenta (id, nombre_usuario, correo_electronico, estado_cuenta_id, firebase_uid) FROM stdin;
2	Juan	juan.perez@email.com	ACT	\N
3	Maria	maria.lopez@email.com	ACT	\N
4	Carlos	carlos.ramirez@email.com	ACT	\N
5	pepecliente	luisd.gramirez@gmail.com	ACT	P9LmpbBGJEOIDbLrQUASN6BbMIW2
8	gerardo.aguilar	gerardo.aguilar@montecarlo.com	ACT	\N
9	maria.lopez	maria.lopez@montecarlo.com	ACT	\N
10	carlos.mendoza	carlos.mendoza@montecarlo.com	ACT	\N
11	empresa.techsoft	contacto@techsoft.mx	ACT	\N
12	laura.rivas	laura.rivas@gmail.com	ACT	\N
13	eventos.corp	ventas@eventcorp.com	ACT	\N
14	roberto.gomez	roberto.gomez@outlook.com	ACT	\N
15	maria.garcia	maria.garcia@yahoo.com	ACT	\N
16	Davidgr	ldavidgrdrmz@gmail.com	ACT	qOO2959VXKQdlbsZLcGwBJ1wvyB3
1	LuisDgr	luisdagallardo@gmail.com	ACT	7A2duPu23vQuxZMLc0xxp2ZS9VX2
17	admin_test	admin@hotel.com	ACT	\N
18	carlos_recep	recep@hotel.com	ACT	\N
19	corp	corp@industrial.mx	ACT	\N
20	ana	ana@wedding.com	ACT	\N
21	rob	rob@xv.com	ACT	\N
22	info	info@events.com	ACT	\N
23	contacto	contacto@fiestas.com	ACT	\N
24	Ricardo	ricardodanieldelatorre.garcia30@gmail.com	ACT	f0n7IRK50ige4iJSxXDaS0zWtSs2
25	zuanper	zuanpergaming@gmail.com	ACT	zmyPpjH2RheIKiEG3Ong51AtSMv1
\.


--
-- Data for Name: datos_cliente; Type: TABLE DATA; Schema: public; Owner: postgres
--

COPY public.datos_cliente (id, rfc, nombre_fiscal, nombre, "apellidoPaterno", "apelidoMaterno", telefono, correo_electronico, dir_colonia, dir_calle, dir_numero, cuenta_id, tipo_cliente_id) FROM stdin;
1	TSO150822TX3	TechSoft de Mexico S.A. de C.V.	TechSoft	Sistemas	\N	6644443322	contacto@techsoft.mx	Zona Rio	Paseo de los Heroes	990	11	MOR
2	RIVL920130F12	Laura Rivas Gonzalez	Laura	Rivas	Gonzalez	6641110099	laura.rivas@gmail.com	Otay	Tecnologico	45	12	FIS
4	GOMR750615M23	Roberto Gomez Lara	Roberto	Gomez	Lara	6643334455	roberto.gomez@outlook.com	Playas	Paseo Ensenada	312	14	FIS
5	GARC920405J77	Maria Garcia Perez	Maria	Garcia	Perez	6647778899	maria.garcia@yahoo.com	Chapultepec	Circuito	150	15	FIS
7	XAXX010101000	Corporativo Industrial	Corporativo Industrial	Apellido	\N	5551234567	corp@industrial.mx	Centro	Calle 1	100	19	MOR
8	XAXX010101000	Ana Martinez	Ana Martinez	Apellido	\N	5551234567	ana@wedding.com	Centro	Calle 1	100	20	FIS
9	XAXX010101000	Roberto Sanchez	Roberto Sanchez	Apellido	\N	5551234567	rob@xv.com	Centro	Calle 1	100	21	FIS
10	XAXX010101000	Events Planner	Events Planner	Apellido	\N	5551234567	info@events.com	Centro	Calle 1	100	22	MOR
11	XAXX010101000	Fiestas Deluxe	Fiestas Deluxe	Apellido	\N	5551234567	contacto@fiestas.com	Centro	Calle 1	100	23	MOR
12	AAA1AAA21233	Nuevo cliente si	Nuevo	cliente	si	6641219999	sisisi@gmail.com	Mi colonia	calle	213	\N	FIS
13	JHJGFTRDETUYO	Rickardo Gallardo Bojorquez	Rickardo	Gallardo	Bojorquez	6644567891	patataneitorhd@gmail.com	Tecnologico	tecnologico 6	6	\N	FIS
3	ECOR100101ABC	Eventos Corporativos SA	Eventos	Corp	\N	6642228877	ventas@eventcorp.com	Centro	Calle 5ta	88	13	MOR
6	ABAB1234578	Luis David  Gallardo Ramirez 	Luis David 	Gallardo	Ramirez 	6632021919	luisd.gramirez@gmail.com	Los reyes 	los reyes sur 	20	5	FIS
14	TOGRLOOP12344	Ricardo De la Torre	Ricardo	De la Torre	\N	6648550178	ricardodanieldelatorre.garcia30@gmail.com	Florido	Toronja	23541	24	FIS
15			zuanper				zuanpergaming@gmail.com				25	FIS
16	NORFC67891012	Juan Pedro Hernandez Dominguez	Juan Pedro	Hernandez	Dominguez	6678919999	juan.d@gmail.com	El paso	Av. Morelos	78	\N	FIS
\.


--
-- Data for Name: django_admin_log; Type: TABLE DATA; Schema: public; Owner: postgres
--

COPY public.django_admin_log (id, action_time, object_id, object_repr, action_flag, change_message, content_type_id, user_id) FROM stdin;
1	2026-03-25 13:15:17.779478-07	1	luisdagallardo@gmail.com	1	[{"added": {}}]	9	1
2	2026-03-25 13:16:24.866668-07	A-12345	A-12345	1	[{"added": {}}]	38	1
3	2026-03-25 22:19:12.562403-07	LIQUI	LIQUI	2	[{"changed": {"fields": ["Codigo"]}}]	8	1
4	2026-03-25 22:19:18.907157-07	LIQU	LIQU	3		8	1
5	2026-03-25 22:19:32.14914-07	ABONO	ABONO	2	[{"changed": {"fields": ["Codigo"]}}]	8	1
6	2026-03-25 22:19:36.531947-07	ABON	ABON	3		8	1
7	2026-03-27 21:41:39.198121-07	1	Audiovisuales	1	[{"added": {}}]	33	1
8	2026-03-27 21:41:49.842273-07	1	Sillas	1	[{"added": {}}]	35	1
9	2026-04-02 16:04:15.175467-07	5	luisd.gramirez@gmail.com	1	[{"added": {}}]	9	2
10	2026-04-02 17:18:26.376671-07	LIM	LIM	1	[{"added": {}}]	17	2
11	2026-04-02 17:18:58.557419-07	RESV	RESV	1	[{"added": {}}]	17	2
12	2026-04-02 17:19:24.305198-07	NODIS	NODIS	1	[{"added": {}}]	17	2
13	2026-04-02 19:55:22.985199-07	6	zuanpergaming@gmail.com	1	[{"added": {}}]	9	2
14	2026-04-02 19:58:00.920553-07	A-11122	A-11122	1	[{"added": {}}]	38	2
15	2026-04-02 19:58:08.465487-07	6	zuanpergaming@gmail.com	2	[]	9	2
16	2026-04-02 20:06:50.887929-07	A-11122	A-11122	2	[]	38	2
17	2026-04-07 23:57:30.528616-07	A-12345	A-12345	1	[{"added": {}}]	38	2
18	2026-04-08 00:00:21.701621-07	A-12345	A-12345	2	[{"changed": {"fields": ["Rfc"]}}]	38	2
19	2026-04-10 00:14:16.907076-07	A-12345	A-12345	1	[{"added": {}}]	38	2
20	2026-04-10 21:17:18.63844-07	16	ldavidgrdrmz@gmail.com	1	[{"added": {}}]	9	2
21	2026-04-10 21:18:47.331785-07	M-28281	M-28281	1	[{"added": {}}]	38	2
22	2026-04-11 21:38:29.938107-07	19	S:2 E:OCUP	1	[{"added": {}}]	26	2
23	2026-04-11 22:08:12.515444-07	19	S:2 E:OCUP	2	[]	26	2
24	2026-04-11 23:55:35.19841-07	5	5	2	[]	12	2
25	2026-04-13 09:54:43.867363-07	1	Aaaa	1	[{"added": {}}]	7	2
26	2026-04-13 09:54:44.694772-07	2	Silla ejecutiva	2	[{"changed": {"fields": ["Stock", "Descripcion mob"]}}]	21	2
27	2026-04-13 16:33:59.013349-07	6	zuanpergaming@gmail.com	3		9	2
28	2026-04-13 16:34:09.306479-07	7	zuanperg@gmail.com	3		9	2
29	2026-04-15 15:24:36.712099-07	27	P:2 R:18	3		24	2
30	2026-04-15 15:28:55.672228-07	26	P:1 R:57	3		24	2
31	2026-04-15 15:40:30.583493-07	30	P:2 R:80	3		24	2
32	2026-04-15 15:46:20.981883-07	31	P:2 R:80	3		24	2
33	2026-04-15 15:46:28.382271-07	29	P:1 R:80	3		24	2
34	2026-04-15 15:52:55.387268-07	32	P:1 R:80	3		24	2
35	2026-04-15 15:58:50.22874-07	33	P:1 R:80	3		24	2
36	2026-04-15 16:02:03.217578-07	35	P:2 R:80	3		24	2
37	2026-04-15 16:02:09.057429-07	34	P:1 R:80	3		24	2
38	2026-04-15 16:05:36.321829-07	37	P:2 R:80	3		24	2
39	2026-04-15 16:05:43.301953-07	36	P:1 R:80	3		24	2
40	2026-04-15 16:15:58.788898-07	40	P:1 R:78	3		24	2
41	2026-04-15 16:16:04.205025-07	39	P:2 R:80	3		24	2
42	2026-04-15 16:16:08.703459-07	38	P:1 R:80	3		24	2
43	2026-04-15 16:36:05.173609-07	41	P:1 R:80	3		24	2
44	2026-04-15 21:51:17.933191-07	REVIS	REVIS	1	[{"added": {}}]	15	2
45	2026-04-15 21:51:29.430776-07	REVIS	REVIS	1	[{"added": {}}]	14	2
46	2026-04-16 01:12:43.321393-07	9	Otro	3		37	2
47	2026-04-16 01:12:59.670009-07	4	Transporte	3		37	2
48	2026-04-16 01:13:54.532299-07	84	84	3		27	2
49	2026-04-16 01:14:33.564232-07	18	18	3		27	2
50	2026-04-16 01:17:57.363682-07	FUNC	FUNC	3		14	2
51	2026-04-16 01:19:38.555497-07	6	Otro	3		33	2
52	2026-04-16 01:19:38.555893-07	5	Mobiliario extra	3		33	2
53	2026-04-16 01:43:19.25885-07	3	Mesas Rectangulares	3		35	2
54	2026-04-16 01:43:19.25903-07	2	Mesas Redondas	3		35	2
55	2026-04-16 02:41:42.550102-07	26	S:13 E:LIMPI	3		26	2
56	2026-04-16 02:41:42.550209-07	25	S:12 E:LIMPI	3		26	2
57	2026-04-16 02:41:42.550245-07	24	S:6 E:LIMPI	3		26	2
58	2026-04-16 02:41:42.550274-07	23	S:3 E:LIMPI	3		26	2
59	2026-04-16 02:41:42.5503-07	22	S:3 E:LIMPI	3		26	2
60	2026-04-16 02:41:42.550321-07	21	S:7 E:LIMPI	3		26	2
61	2026-04-16 02:41:42.550345-07	20	S:1 E:LIMPI	3		26	2
62	2026-04-16 02:41:42.550372-07	19	S:2 E:OCUP	3		26	2
63	2026-04-16 02:41:42.550395-07	18	S:7 E:OCUP	3		26	2
64	2026-04-16 02:41:42.550414-07	17	S:7 E:RESV	3		26	2
65	2026-04-16 02:41:42.550433-07	16	S:7 E:DIS	3		26	2
66	2026-04-16 02:41:42.550452-07	15	S:3 E:LIMPI	3		26	2
67	2026-04-16 02:41:42.550471-07	14	S:3 E:DIS	3		26	2
68	2026-04-16 02:41:42.55049-07	13	S:3 E:DIS	3		26	2
69	2026-04-16 02:41:42.550508-07	12	S:3 E:DIS	3		26	2
70	2026-04-16 02:41:42.550527-07	11	S:3 E:DIS	3		26	2
71	2026-04-16 02:41:42.550544-07	10	S:3 E:DIS	3		26	2
72	2026-04-16 02:41:42.550563-07	9	S:3 E:DIS	3		26	2
73	2026-04-16 02:41:42.550582-07	8	S:3 E:DIS	3		26	2
74	2026-04-16 02:41:42.5506-07	7	S:3 E:DIS	3		26	2
75	2026-04-16 02:41:42.550619-07	6	S:3 E:DIS	3		26	2
76	2026-04-16 02:41:42.550637-07	5	S:1 E:MANTE	3		26	2
77	2026-04-16 02:41:42.550655-07	4	S:7 E:OCUP	3		26	2
78	2026-04-16 02:41:42.550673-07	3	S:8 E:DIS	3		26	2
79	2026-04-16 02:41:42.550692-07	2	S:10 E:DIS	3		26	2
80	2026-04-16 02:41:42.550711-07	1	S:11 E:DIS	3		26	2
81	2026-04-16 02:42:02.067614-07	89	89	3		27	2
82	2026-04-16 02:42:02.067688-07	88	88	3		27	2
83	2026-04-16 02:42:02.067709-07	87	87	3		27	2
84	2026-04-16 02:42:02.067728-07	86	86	3		27	2
85	2026-04-16 02:42:50.544849-07	63	M:25 E:DISP	3		19	2
86	2026-04-16 02:42:50.544923-07	62	M:24 E:DISP	3		19	2
87	2026-04-16 02:42:50.544946-07	61	M:23 E:DISP	3		19	2
88	2026-04-16 02:42:50.544964-07	60	M:22 E:DISP	3		19	2
89	2026-04-16 02:42:50.544982-07	59	M:21 E:DISP	3		19	2
90	2026-04-16 02:42:50.544999-07	58	M:20 E:DISP	3		19	2
91	2026-04-16 02:42:50.545016-07	57	M:19 E:DISP	3		19	2
92	2026-04-16 02:42:50.545035-07	56	M:18 E:DISP	3		19	2
93	2026-04-16 02:42:50.545053-07	55	M:17 E:DISP	3		19	2
94	2026-04-16 02:42:50.54507-07	54	M:16 E:DISP	3		19	2
95	2026-04-16 02:42:50.545088-07	53	M:15 E:DISP	3		19	2
96	2026-04-16 02:42:50.545105-07	52	M:14 E:DISP	3		19	2
97	2026-04-16 02:42:50.545124-07	51	M:13 E:DISP	3		19	2
98	2026-04-16 02:42:50.545142-07	50	M:1 E:REVIS	3		19	2
99	2026-04-16 02:42:50.545175-07	47	M:9 E:OCUP	3		19	2
100	2026-04-16 02:42:50.545194-07	46	M:8 E:OCUP	3		19	2
101	2026-04-16 02:42:50.545212-07	41	M:9 E:REPAR	3		19	2
102	2026-04-16 02:42:50.54523-07	38	M:2 E:OCUP	3		19	2
103	2026-04-16 02:42:50.545247-07	21	M:10 E:RESV	3		19	2
104	2026-04-16 02:42:50.545265-07	16	M:1 E:RESV	3		19	2
105	2026-04-16 02:42:50.545282-07	15	M:10 E:OCUP	3		19	2
106	2026-04-16 02:42:50.545298-07	14	M:1 E:OCUP	3		19	2
107	2026-04-16 02:42:50.545316-07	9	M:10 E:DISP	3		19	2
108	2026-04-16 02:42:50.545333-07	8	M:9 E:DISP	3		19	2
109	2026-04-16 02:42:50.545353-07	7	M:8 E:DISP	3		19	2
110	2026-04-16 02:42:50.545372-07	2	M:2 E:DISP	3		19	2
111	2026-04-16 02:42:50.545391-07	1	M:1 E:DISP	3		19	2
112	2026-04-16 08:41:14.253317-07	24	ricardodanieldelatorre.garcia30@gmail.com	1	[{"added": {}}]	9	2
113	2026-04-16 09:37:49.582856-07	13	Salon Ejecutivo	2	[{"changed": {"fields": ["Estado salon"]}}]	30	2
114	2026-04-16 09:37:55.430996-07	12	Salon Gran Gala	2	[{"changed": {"fields": ["Estado salon"]}}]	30	2
115	2026-04-16 09:37:59.458431-07	7	Mozart	2	[{"changed": {"fields": ["Estado salon"]}}]	30	2
116	2026-04-16 09:38:03.311387-07	6	Shubert	2	[{"changed": {"fields": ["Estado salon"]}}]	30	2
117	2026-04-16 09:38:06.956274-07	3	Vivaldi II	2	[{"changed": {"fields": ["Estado salon"]}}]	30	2
118	2026-04-16 09:38:10.646741-07	1	Vivaldi V	2	[{"changed": {"fields": ["Estado salon"]}}]	30	2
119	2026-04-17 06:59:23.701511-07	7	Mozart	2	[{"changed": {"fields": ["Estado salon"]}}]	30	2
120	2026-04-17 06:59:28.152347-07	1	Vivaldi V	2	[{"changed": {"fields": ["Estado salon"]}}]	30	2
121	2026-04-17 06:59:33.470462-07	6	Shubert	2	[{"changed": {"fields": ["Estado salon"]}}]	30	2
\.


--
-- Data for Name: django_content_type; Type: TABLE DATA; Schema: public; Owner: postgres
--

COPY public.django_content_type (id, app_label, model) FROM stdin;
1	admin	logentry
2	auth	group
3	auth	permission
4	auth	user
5	contenttypes	contenttype
6	sessions	session
7	BookingRoomApp	caractermobil
8	BookingRoomApp	conceptopago
9	BookingRoomApp	cuenta
10	BookingRoomApp	datoscliente
11	BookingRoomApp	encuesta
12	BookingRoomApp	equipamiento
13	BookingRoomApp	estadocuenta
14	BookingRoomApp	estadoequipa
15	BookingRoomApp	estadomobil
16	BookingRoomApp	estadoreserva
17	BookingRoomApp	estadosalon
18	BookingRoomApp	inventarioequipa
19	BookingRoomApp	inventariomob
20	BookingRoomApp	metodopago
21	BookingRoomApp	mobiliario
22	BookingRoomApp	montaje
23	BookingRoomApp	montajemobiliario
24	BookingRoomApp	pago
25	BookingRoomApp	registrestadreserva
26	BookingRoomApp	registrestadsalon
27	BookingRoomApp	reservacion
28	BookingRoomApp	reservaequipa
29	BookingRoomApp	rol
30	BookingRoomApp	salon
31	BookingRoomApp	servicio
32	BookingRoomApp	tipocliente
33	BookingRoomApp	tipoequipa
34	BookingRoomApp	tipoevento
35	BookingRoomApp	tipomobil
36	BookingRoomApp	tipomontaje
37	BookingRoomApp	tiposervicio
38	BookingRoomApp	trabajador
39	BookingRoomApp	reservaservicio
\.


--
-- Data for Name: django_migrations; Type: TABLE DATA; Schema: public; Owner: postgres
--

COPY public.django_migrations (id, app, name, applied) FROM stdin;
1	BookingRoomApp	0001_initial	2026-03-25 13:08:10.817626-07
2	BookingRoomApp	0002_estadocuenta_rol_tipocliente_cuenta_datoscliente_and_more	2026-03-25 13:08:10.855253-07
3	BookingRoomApp	0003_tipocliente_disposicion	2026-03-25 13:08:10.861441-07
4	BookingRoomApp	0004_cuenta_firebase_uid_alter_cuenta_correo_electronico_and_more	2026-03-25 13:08:10.88735-07
5	BookingRoomApp	0005_alter_rol_nombre	2026-03-25 13:08:10.897937-07
6	BookingRoomApp	0006_caractermobil_conceptopago_equipamiento_estadoequipa_and_more	2026-03-25 13:08:11.142854-07
7	BookingRoomApp	0007_pago_saldo_reservacion_nombreevento_and_more	2026-03-25 13:08:11.71596-07
8	BookingRoomApp	0008_alter_caractermobil_options_and_more	2026-03-25 13:08:11.91487-07
9	BookingRoomApp	0009_alter_reservacion_trabajador	2026-03-25 13:08:11.941146-07
10	contenttypes	0001_initial	2026-03-25 13:08:11.950821-07
11	auth	0001_initial	2026-03-25 13:08:11.994733-07
12	admin	0001_initial	2026-03-25 13:08:12.007968-07
13	admin	0002_logentry_remove_auto_add	2026-03-25 13:08:12.029627-07
14	admin	0003_logentry_add_action_flag_choices	2026-03-25 13:08:12.037251-07
15	contenttypes	0002_remove_content_type_name	2026-03-25 13:08:12.062252-07
16	auth	0002_alter_permission_name_max_length	2026-03-25 13:08:12.0703-07
17	auth	0003_alter_user_email_max_length	2026-03-25 13:08:12.077136-07
18	auth	0004_alter_user_username_opts	2026-03-25 13:08:12.084929-07
19	auth	0005_alter_user_last_login_null	2026-03-25 13:08:12.091966-07
20	auth	0006_require_contenttypes_0002	2026-03-25 13:08:12.093882-07
21	auth	0007_alter_validators_add_error_messages	2026-03-25 13:08:12.101733-07
22	auth	0008_alter_user_username_max_length	2026-03-25 13:08:12.111168-07
23	auth	0009_alter_user_last_name_max_length	2026-03-25 13:08:12.120234-07
24	auth	0010_alter_group_name_max_length	2026-03-25 13:08:12.129739-07
25	auth	0011_update_proxy_permissions	2026-03-25 13:08:12.147541-07
26	auth	0012_alter_user_first_name_max_length	2026-03-25 13:08:12.156462-07
27	sessions	0001_initial	2026-03-25 13:08:12.167921-07
28	BookingRoomApp	0010_remove_reservacion_reserva_servicio_and_more	2026-04-01 15:56:38.202267-07
29	BookingRoomApp	0011_alter_reservacion_trabajador	2026-04-01 15:56:38.223942-07
30	BookingRoomApp	0012_alter_reservacion_trabajador	2026-04-01 15:56:38.244174-07
61	BookingRoomApp	0013_reservacion_es_paquete_reservacion_nombre_paquete_and_more	2026-04-07 16:28:53.563997-07
62	BookingRoomApp	0014_reservacion_nullable_fields	2026-04-07 17:27:44.791866-07
64	BookingRoomApp	0015_reservacion_checklist_almacenista_and_more	2026-04-11 12:29:16.701386-07
65	BookingRoomApp	0016_tipomontaje_descripcion	2026-04-14 07:55:00.609797-07
66	BookingRoomApp	0017_encuesta_comentario	2026-04-15 18:17:08.776465-07
67	BookingRoomApp	0018_reservaservicio_completado_and_more	2026-04-17 09:19:12.229336-07
\.


--
-- Data for Name: django_session; Type: TABLE DATA; Schema: public; Owner: postgres
--

COPY public.django_session (session_key, session_data, expire_date) FROM stdin;
\.


--
-- Data for Name: encuesta; Type: TABLE DATA; Schema: public; Owner: postgres
--

COPY public.encuesta (id, personal, equipamiento, servicios, salon, mobiliario, reservacion_id, comentario) FROM stdin;
3	5	3	3	4	3	102	
4	5	5	5	5	5	104	
5	5	5	4	5	5	106	
\.


--
-- Data for Name: equipamiento; Type: TABLE DATA; Schema: public; Owner: postgres
--

COPY public.equipamiento (id, nombre, descripcion, costo, stock, tipo_equipa_id) FROM stdin;
1	Proyector HD	Proyector de alta definicion 1080p	800.00	15	2
2	Proyector 4K	Proyector 4K para presentaciones premium	1500.00	5	2
3	Pantalla de proyeccion 120"	Pantalla retractil de 120 pulgadas	400.00	10	2
4	Sistema de sonido portatil	Bafles portatiles con microfono inalambrico	1000.00	8	1
6	Microfono de mano	Microfono dinamico para escenario	150.00	15	1
7	Bocinas Bluetooth	Bocinas portatiles Bluetooth	300.00	20	1
8	Laptop de presentacion	Laptop con Office preinstalado	600.00	10	4
9	TV 55"	Television 55 pulgadas 4K para exhibicion	500.00	8	2
10	Pantalla LED 90"	Pantalla LED gigante para escenario	2000.00	3	2
11	Camara de documentos	Camara visualizador para presentaciones	350.00	5	2
12	Spotlight LED	Luz de escenario LED 100W	200.00	20	3
13	Torre de iluminacion	Torre de iluminacion portable	350.00	10	3
14	Impresora laser	Impresora laser blanco y negro	250.00	5	4
5	Microfono inalambrico	Microfono de solapa inalambrico	250.00	20	1
15	Microfono	ya ps	200.00	20	1
16	Papelógrafo	Soporte para láminas de papel de gran tamaño	200.00	20	7
17	Pasadiapositivas	Control remoto para presentaciones digitales	75.00	90	7
18	Extensiones y Multitomas	Equipamiento para la distribución de energía eléctrica.	100.00	100	7
19	Walkie-Talkies	Equipos de comunicación interna para el personal de servicio	200.00	35	7
20	Paneles / Mamparas Móviles	Paredes desplazables para dividir salones.	2000.00	15	8
\.


--
-- Data for Name: estado_cuenta; Type: TABLE DATA; Schema: public; Owner: postgres
--

COPY public.estado_cuenta (codigo, nombre) FROM stdin;
ACT	Activa
SUSPE	Suspendida
BANEO	Bloqueada
\.


--
-- Data for Name: estado_equipa; Type: TABLE DATA; Schema: public; Owner: postgres
--

COPY public.estado_equipa (codigo, nombre) FROM stdin;
DISP	Disponible
DANAD	Daniado
REPAR	En reparacion
RESV	Reservado
REVIS	Revision
\.


--
-- Data for Name: estado_mobil; Type: TABLE DATA; Schema: public; Owner: postgres
--

COPY public.estado_mobil (codigo, nombre) FROM stdin;
DISP	Disponible
OCUP	Ocupado
RESV	Reservado
REPAR	En reparacion
REVIS	Revision
\.


--
-- Data for Name: estado_reserva; Type: TABLE DATA; Schema: public; Owner: postgres
--

COPY public.estado_reserva (codigo, nombre) FROM stdin;
SOLIC	Solicitada
PEN	Pendiente
CONF	Confirmada
CON	Confirmada
ENPRO	En proceso
FIN	Finalizada
CAN	Cancelada
PAGAD	Pagada
PLANT	Plantilla
\.


--
-- Data for Name: estado_salon; Type: TABLE DATA; Schema: public; Owner: postgres
--

COPY public.estado_salon (codigo, nombre) FROM stdin;
DIS	Disponible
RESV	Reservado
OCUP	Ocupado
MANTE	En mantenimiento
LIMPI	En limpieza
\.


--
-- Data for Name: inventario_equipa; Type: TABLE DATA; Schema: public; Owner: postgres
--

COPY public.inventario_equipa (id, cantidad, equipamiento_id, estado_equipa_id) FROM stdin;
25	10	13	DISP
21	5	11	DISP
41	1	2	REPAR
42	1	9	REPAR
3	0	2	DISP
64	4	2	RESV
7	5	4	DISP
65	3	4	RESV
58	14	20	DISP
66	1	20	RESV
1	10	1	DISP
67	5	1	RESV
17	1	9	DISP
53	6	9	RESV
56	50	18	DISP
68	50	18	RESV
54	20	16	DISP
55	90	17	DISP
57	35	19	DISP
5	10	3	DISP
23	20	12	DISP
27	4	14	DISP
59	20	15	DISP
19	0	10	DISP
48	3	10	RESV
11	15	6	DISP
60	1	14	RESV
9	20	5	DISP
13	20	7	DISP
15	10	8	DISP
\.


--
-- Data for Name: inventario_mobil; Type: TABLE DATA; Schema: public; Owner: postgres
--

COPY public.inventario_mobil (id, cantidad, estado_mobil_id, mobiliario_id) FROM stdin;
67	200	DISP	8
68	200	DISP	9
69	197	DISP	10
90	3	OCUP	10
75	200	DISP	16
80	20	DISP	21
81	20	DISP	22
82	10	DISP	23
72	753	DISP	13
88	247	OCUP	13
84	16	DISP	25
64	18	DISP	26
66	170	DISP	3
98	5	REVIS	3
73	1480	DISP	14
86	20	OCUP	14
78	15	DISP	19
89	45	OCUP	19
76	52	DISP	17
85	47	OCUP	17
74	179	DISP	15
97	21	OCUP	15
83	169	DISP	24
99	1	RESV	24
92	25	OCUP	3
79	497	DISP	20
93	3	OCUP	20
71	170	DISP	11
87	30	OCUP	11
70	14400	DISP	2
94	600	OCUP	2
65	474	DISP	1
91	26	OCUP	1
95	1	RESV	17
77	55	DISP	18
96	20	OCUP	18
\.


--
-- Data for Name: metodo_pago; Type: TABLE DATA; Schema: public; Owner: postgres
--

COPY public.metodo_pago (codigo, nombre) FROM stdin;
EFECT	Efectivo
TRANS	Transferencia
TARJE	Tarjeta
NFC	NFC
CHEQU	Cheque
\.


--
-- Data for Name: mobiliario; Type: TABLE DATA; Schema: public; Owner: postgres
--

COPY public.mobiliario (id, nombre, descripcion, costo, stock, tipo_movil_id) FROM stdin;
1	Silla plegable	Silla plegable de plastico resistente	25.00	500	1
3	Silla vintage	Silla de madera con tapizado de tela	200.00	200	1
8	Taburete alto	Taburete para barra de 80cm	80.00	200	4
9	Taburete bajo	Taburete para barra de 60cm	70.00	200	4
10	Podio ejecutivo	Podio de madera con microphone	500.00	200	5
2	Silla ejecutiva	Silla con descansabrazos y soporte lumbar	150.00	15000	1
11	Silla Tiffany		50.00	200	1
13	Sillas ejecutivas	Diseñadas para mayor confort en reuniones de larga duracion	10.00	1000	1
14	Silla Operativa	Diseñadas para mayor confort en reuniones de larga duración.	15.00	1500	1
15	Silla de exterior	Fabricadas con materiales resistentes a la intemperie.	10.00	200	1
16	Sillas de Espera y Multiusos	Para áreas comunes o eventos de corta duración.	5.00	200	1
17	Sofás Lounge	Ideales para áreas de descanso	20.00	100	1
18	Mesas Redondas	Comunes para montajes de banquete	30.00	75	2
19	Mesa Rectangular	Utilizadas para montajes tipo "Escuela", "U" o "Imperial"	35.00	60	2
20	Mesa Periquera	Mesas altas, generalmente sin sillas, para eventos de pie.	20.00	500	2
21	Escritorios	Para áreas administrativas o de producción del evento.	250.00	20	3
22	Lockers	Para el resguardo de pertenencias de los asistentes.	500.00	20	3
23	Credenzas	Muebles de almacenamiento para documentos o materiales del evento.	200.00	10	3
24	Podios y Atriles	Para ponentes en conferencias o presentaciones	50.00	170	6
25	Tarimas	Estructuras elevadas para visibilidad del presentador.	100.00	16	3
26	Pruebi 	sadsd	12.00	18	1
\.


--
-- Data for Name: mobiliario_descripcion_mob; Type: TABLE DATA; Schema: public; Owner: postgres
--

COPY public.mobiliario_descripcion_mob (id, mobiliario_id, caractermobil_id) FROM stdin;
6	2	1
8	13	3
9	13	4
10	13	5
11	13	6
12	14	7
13	14	8
14	14	9
15	14	10
16	15	11
17	15	12
18	15	13
19	17	14
20	17	15
21	17	16
22	17	17
23	18	18
24	18	19
25	18	20
26	18	21
27	19	22
28	19	23
29	19	24
30	19	25
31	20	26
32	20	27
33	20	28
34	20	29
35	21	30
36	21	31
37	21	32
38	21	33
39	22	28
40	22	34
41	22	35
42	22	36
43	23	18
44	23	37
45	23	38
46	23	39
47	24	40
48	24	41
49	24	42
50	24	43
51	25	44
52	25	18
53	25	45
54	25	46
\.


--
-- Data for Name: montaje; Type: TABLE DATA; Schema: public; Owner: postgres
--

COPY public.montaje (id, costo, salon_id, tipo_montaje_id) FROM stdin;
1	1000.00	11	1
2	1200.00	11	3
3	800.00	10	4
4	700.00	8	6
5	500.00	1	5
6	600.00	7	2
9	4500.00	1	1
16	2020.00	4	4
46	8040.00	8	4
49	7080.00	8	5
54	9050.00	8	5
55	9050.00	8	5
57	4675.00	7	2
58	6380.00	4	4
59	12500.00	11	1
62	109080.00	11	6
63	8720.00	10	4
64	3000.00	12	3
65	1500.00	13	6
69	1880.00	4	2
70	1525.00	1	3
71	15025.00	12	1
75	5025.00	8	4
76	6025.00	13	2
77	1980.00	2	6
79	1940.00	4	2
80	6025.00	9	2
81	\N	2	2
82	\N	2	2
83	\N	9	5
84	\N	2	7
85	1825.00	2	2
86	\N	2	7
87	\N	2	7
88	\N	2	6
89	\N	2	7
90	\N	2	7
91	\N	4	6
92	2490.00	2	7
93	3150.00	4	2
94	2425.00	2	5
97	3150.00	4	2
98	6860.00	2	5
99	2800.00	2	2
100	102105.00	11	6
101	5025.00	8	4
102	6100.00	7	1
103	5100.00	8	2
105	3005.00	4	6
106	1810.00	4	2
107	1810.00	4	2
108	5010.00	8	1
109	5305.00	8	6
112	2160.00	2	6
113	2600.00	5	2
114	4700.00	6	7
\.


--
-- Data for Name: montaje_mobiliario; Type: TABLE DATA; Schema: public; Owner: postgres
--

COPY public.montaje_mobiliario (id, cantidad, completado, mobiliario_id, montaje_id, extra) FROM stdin;
1	100	f	1	1	f
2	1	f	10	1	f
242	40	f	17	113	f
4	80	f	1	2	f
243	20	f	15	114	f
244	1	f	24	94	t
7	24	f	1	4	f
9	12	f	2	5	f
11	60	f	1	6	f
16	1	f	1	9	f
181	7	f	14	84	f
182	1	f	18	84	f
125	12	f	2	49	f
134	30	f	1	54	f
136	30	f	1	55	f
141	1	f	2	57	f
142	1	f	1	57	f
143	30	f	2	58	f
144	1	f	8	58	f
145	1	f	10	59	f
17	1	t	10	9	t
183	1	f	1	85	f
153	550	f	2	62	f
154	4	f	9	62	f
155	20	f	1	63	f
160	1	f	8	69	f
161	1	f	1	70	f
162	1	f	10	16	t
118	4	f	1	46	t
163	2	f	1	16	t
164	1	f	1	71	f
168	1	f	1	75	f
169	1	f	1	76	f
172	2	f	9	79	f
173	1	f	1	80	f
174	25	f	13	82	f
175	13	f	19	82	f
176	1	f	10	82	f
177	1	f	23	82	f
178	10	f	14	83	f
179	1	f	19	83	f
180	1	f	23	83	f
184	25	f	2	86	f
185	13	f	19	86	f
186	1	f	10	86	f
187	1	f	18	86	f
192	10	f	14	88	f
193	6	f	19	88	f
194	4	f	14	89	f
195	1	f	18	89	f
196	8	f	14	90	f
197	3	f	18	90	f
198	25	f	13	91	f
199	13	f	19	91	f
200	1	f	10	91	f
201	2	f	17	92	f
202	10	f	14	92	f
203	10	f	11	92	f
204	50	f	13	93	f
205	10	f	19	93	f
206	1	f	10	93	f
207	25	f	1	94	f
213	50	f	13	97	f
214	10	f	19	97	f
215	1	f	10	97	f
216	25	f	3	98	f
217	3	f	20	98	f
218	20	f	11	99	f
219	600	f	2	100	f
220	3	f	19	100	f
221	1	f	1	101	f
223	100	f	13	102	f
224	20	f	18	102	f
225	5	f	17	103	f
222	1	t	17	101	t
228	25	f	13	105	f
229	13	f	19	105	f
230	1	f	10	105	f
231	1	f	13	106	f
232	1	f	13	107	f
233	1	f	15	108	f
234	20	f	13	109	f
235	3	f	19	109	f
240	10	f	14	112	f
241	6	f	19	112	f
\.


--
-- Data for Name: pago; Type: TABLE DATA; Schema: public; Owner: postgres
--

COPY public.pago (id, nota, monto, fecha, hora, no_pago, concepto_pago_id, metodo_pago_id, reservacion_id, saldo) FROM stdin;
46	Primer pago hecho	2790.00	2026-04-16	16:29:57.583147	1	ABONO	EFECT	96	2789.60
47	Primer pago para junta informativa	1943.00	2026-04-16	16:40:30.662459	1	ABONO	EFECT	97	1943.00
48	Se pago la reservacion con exito	1697.00	2026-04-16	17:37:26.266836	1	ABONO	TARJE	98	1696.00
49	Pago exitoso	5139.00	2026-04-16	18:19:11.694939	1	ABONO	EFECT	102	5138.60
50	Si se pago w	1740.00	2026-04-16	18:43:17.573316	1	ABONO	EFECT	103	1740.00
51	Me olvide de la nota	59221.00	2026-04-16	18:57:02.419491	1	ABONO	EFECT	104	59220.80
52	Se hizo el pago anticipo para llevar en marcha la reservaicon	4000.00	2026-04-16	19:22:30.114235	1	ABONO	EFECT	106	4816.00
53	Falto este cmapo	2906.00	2026-04-17	16:40:35.060149	1	ABONO	EFECT	112	2905.60
54	Una descripcion	6557.00	2026-04-17	23:38:14.276791	1	ABONO	EFECT	113	6556.80
55	Confirmo el evento	2668.00	2026-04-18	00:15:26.360825	1	ABONO	EFECT	117	2668.00
56	Si	1729.00	2026-04-19	18:39:48.029644	1	ABONO	EFECT	116	1727.80
\.


--
-- Data for Name: registr_esta_reserva; Type: TABLE DATA; Schema: public; Owner: postgres
--

COPY public.registr_esta_reserva (id, fecha, estado_reserva_id, reservacion_id) FROM stdin;
63	2026-04-16	PEN	96
64	2026-04-16	PEN	97
65	2026-04-16	CON	97
66	2026-04-16	PEN	98
67	2026-04-16	CON	98
68	2026-04-16	ENPRO	96
69	2026-04-16	FIN	96
72	2026-04-16	PEN	101
73	2026-04-16	ENPRO	101
74	2026-04-16	FIN	101
75	2026-04-16	PEN	102
77	2026-04-16	CON	102
78	2026-04-16	ENPRO	102
79	2026-04-16	FIN	102
80	2026-04-16	PEN	103
82	2026-04-16	CON	103
83	2026-04-16	ENPRO	103
84	2026-04-16	FIN	103
85	2026-04-16	PEN	104
87	2026-04-16	CON	104
88	2026-04-16	ENPRO	104
89	2026-04-16	FIN	104
90	2026-04-16	PEN	105
91	2026-04-16	PEN	106
92	2026-04-16	CON	106
93	2026-04-16	ENPRO	106
94	2026-04-16	FIN	106
95	2026-04-16	PEN	107
97	2026-04-17	PEN	109
98	2026-04-17	PEN	110
99	2026-04-17	PEN	111
100	2026-04-17	PEN	112
102	2026-04-17	CON	112
103	2026-04-17	PEN	113
104	2026-04-17	CON	113
105	2026-04-17	PEN	116
106	2026-04-18	PEN	117
107	2026-04-18	CON	117
108	2026-04-19	PEN	118
\.


--
-- Data for Name: registr_esta_salon; Type: TABLE DATA; Schema: public; Owner: postgres
--

COPY public.registr_esta_salon (id, fecha, estado_salon_id, salon_id) FROM stdin;
27	2026-04-17	LIMPI	1
28	2026-04-16	LIMPI	6
29	2026-06-28	LIMPI	7
30	2026-04-18	LIMPI	2
31	2026-04-18	DIS	2
32	2026-04-18	RESV	4
33	2026-05-22	RESV	4
34	2026-04-18	RESV	8
35	2026-04-28	RESV	8
36	2026-04-28	RESV	2
37	2026-04-23	LIMPI	8
38	2026-04-26	RESV	5
39	2026-04-28	RESV	6
\.


--
-- Data for Name: reserva_equipa; Type: TABLE DATA; Schema: public; Owner: postgres
--

COPY public.reserva_equipa (id, cantidad, equipamiento_id, reservacion_id, completado, extra) FROM stdin;
106	1	2	109	f	f
107	1	4	109	f	f
108	1	20	97	t	t
91	1	9	92	f	f
93	1	2	94	f	f
94	1	2	95	f	f
95	1	4	95	f	f
96	1	10	96	f	f
100	1	2	101	f	f
101	1	4	101	f	f
102	1	2	106	f	f
103	1	2	107	f	f
104	1	4	107	f	f
109	5	1	113	f	f
112	1	9	116	f	f
113	50	18	118	f	f
\.


--
-- Data for Name: reserva_servicio; Type: TABLE DATA; Schema: public; Owner: postgres
--

COPY public.reserva_servicio (id, extra, reservacion_id, servicio_id, completado) FROM stdin;
108	f	92	1	f
109	f	92	9	f
111	f	94	1	f
112	f	95	1	f
113	f	95	9	f
114	f	96	1	f
115	f	96	9	f
116	f	97	9	f
117	f	98	5	f
122	f	101	1	f
123	f	101	9	f
124	f	102	13	f
125	f	103	9	f
126	f	107	1	f
127	f	107	9	f
130	f	109	1	f
131	f	109	9	f
132	f	113	13	f
135	f	116	1	f
136	f	116	9	f
137	f	117	13	f
138	t	98	23	t
\.


--
-- Data for Name: reservacion; Type: TABLE DATA; Schema: public; Owner: postgres
--

COPY public.reservacion (id, "descripEvento", "estimaAsistentes", "fechaReservacion", "fechaEvento", "horaInicio", "horaFin", subtotal, "IVA", total, cliente_id, estado_reserva_id, montaje_id, tipo_evento_id, "nombreEvento", trabajador_id, es_paquete, nombre_paquete, checklist_coordinador, checklist_almacenista, progreso_checklist) FROM stdin;
92	Paquete: Express Meeting	0	2026-04-16	\N	\N	\N	2980.00	16.00	3456.80	\N	PLANT	88	11	Express Meeting	\N	t	Express Meeting	{}	{}	0
96	Se acepta la operación, llame pronto al hotel.	35	2026-04-16	2026-04-30	10:00:00	15:00:00	4810.00	769.60	5579.60	14	FIN	92	10	Reunion de ex companeros	A-12345	f		{"item_9": true, "Evento en curso": true, "Prueba de Equipos": true, "Cierre de Inventario": true, "Liquidación de Saldo": true, "Recepción del Cliente": true, "Trabajadores asignados": true, "Definición del montaje": true, "Anticipo recibido (primer pago)": true, "Equipamiento requerido definido": true, "Servicios adicionales definidos": true, "Montaje de mobiliario completado": true, "Orden de Servicio (BEO) distribuida": true, "Firma de contrato / Aceptación de términos": true}	{"201": true, "202": true, "203": true}	1
94	Paquete: Private Desk	0	2026-04-16	\N	\N	\N	3630.00	16.00	4210.80	\N	PLANT	90	11	Private Desk	\N	t	Private Desk	{}	{}	0
95	Paquete: Conexión Ejecutiva Premium	0	2026-04-16	\N	\N	\N	5825.00	16.00	6757.00	\N	PLANT	91	11	Conexión Ejecutiva Premium	\N	t	Conexión Ejecutiva Premium	{}	{}	0
101	Se confirma esto genteee	25	2026-04-16	2026-04-27	10:59:00	22:59:00	5970.00	955.20	6925.20	14	FIN	97	8	lanzamiento	A-12345	f		{"item_9": true, "Evento en curso": true, "Prueba de Equipos": true, "Cierre de Inventario": true, "Liquidación de Saldo": true, "Recepción del Cliente": true, "Trabajadores asignados": true, "Definición del montaje": true, "Anticipo recibido (primer pago)": true, "Equipamiento requerido definido": true, "Servicios adicionales definidos": true, "Montaje de mobiliario completado": true, "Orden de Servicio (BEO) distribuida": true, "Firma de contrato / Aceptación de términos": true}	{"213": true, "214": true, "215": true}	1
102	El cumpleaños de jose se desarrollara	50	2026-04-16	2026-05-14	11:16:00	12:17:00	8860.00	1417.60	10277.60	6	FIN	98	9	Cumpleaños de jose	A-12345	f		{"item_9": true, "Evento en curso": true, "Prueba de Equipos": true, "Cierre de Inventario": true, "Liquidación de Saldo": true, "Recepción del Cliente": true, "Trabajadores asignados": true, "Definición del montaje": true, "Anticipo recibido (primer pago)": true, "Equipamiento requerido definido": true, "Servicios adicionales definidos": true, "Montaje de mobiliario completado": true, "Orden de Servicio (BEO) distribuida": true, "Firma de contrato / Aceptación de términos": true}	{"216": true, "217": true}	1
103	Confirmo el cumpleaños	50	2026-04-16	2026-05-19	12:41:00	13:41:00	3000.00	480.00	3480.00	14	FIN	99	9	Otro cumpleaños	A-12345	f		{"item_9": true, "Evento en curso": true, "Prueba de Equipos": true, "Cierre de Inventario": true, "Liquidación de Saldo": true, "Recepción del Cliente": true, "Trabajadores asignados": true, "Definición del montaje": true, "Anticipo recibido (primer pago)": true, "Equipamiento requerido definido": true, "Servicios adicionales definidos": true, "Montaje de mobiliario completado": true, "Orden de Servicio (BEO) distribuida": true, "Firma de contrato / Aceptación de términos": true}	{"218": true}	1
104	La reunion de trabaja sera llevada a cabo.	600	2026-04-16	2026-05-20	11:55:00	12:55:00	102105.00	16336.80	118441.80	14	FIN	100	8	Junta de jefes	A-12345	f		{"item_9": true, "Evento en curso": true, "Prueba de Equipos": true, "Cierre de Inventario": true, "Liquidación de Saldo": true, "Recepción del Cliente": true, "Trabajadores asignados": true, "Definición del montaje": true, "Anticipo recibido (primer pago)": true, "Equipamiento requerido definido": true, "Servicios adicionales definidos": true, "Montaje de mobiliario completado": true, "Orden de Servicio (BEO) distribuida": true, "Firma de contrato / Aceptación de términos": true}	{"219": true, "220": true}	1
107	jsjjdsjad	100	2026-04-16	2026-06-29	10:28:00	22:28:00	7920.00	1267.20	9187.20	14	CON	103	2	panzamiento	A-12345	f		{}	{}	0
106	Se realizara el cumpleanos de pepito	100	2026-04-16	2026-06-02	10:20:00	19:20:00	7600.00	1216.00	8816.00	14	FIN	102	12	Cumpleanos 3	A-12345	f		{"item_9": true, "Evento en curso": true, "Prueba de Equipos": true, "Cierre de Inventario": true, "Liquidación de Saldo": true, "Recepción del Cliente": true, "Trabajadores asignados": true, "Definición del montaje": true, "Anticipo recibido (primer pago)": true, "Equipamiento requerido definido": true, "Servicios adicionales definidos": true, "Montaje de mobiliario completado": true, "Orden de Servicio (BEO) distribuida": true, "Firma de contrato / Aceptación de términos": true}	{"223": true, "224": true}	1
105	Claro acepto	100	2026-04-16	2026-06-30	10:01:00	22:01:00	5065.00	810.40	5875.40	14	CON	101	2	Lanzamiendo de aplicación	A-12345	f		{}	{}	0
109	Sin descripción	30	2026-04-17	2026-04-30	06:42:00	08:42:00	5825.00	932.00	6757.00	6	SOLIC	105	4	Comercios internacionales	\N	f		{}	{}	0
112	Reunion de terians	60	2026-04-17	2026-04-18	10:40:00	11:40:00	5010.00	801.60	5811.60	14	CON	108	2	Convencion	A-12345	f		{}	{}	0
113	Una descripcion normal	100	2026-04-17	2026-04-28	18:35:00	19:36:00	11305.00	1808.80	13113.80	14	CON	109	8	Cualquier cosa	A-12345	f		{}	{}	0
110	Claramente es cierto	50	2026-04-17	2026-04-18	10:19:00	12:23:00	1810.00	289.60	2099.60	14	PEN	106	6	Prur	A-12345	f		{}	{}	0
111	Claramente es cierto	50	2026-04-17	2026-05-22	10:19:00	12:23:00	1810.00	289.60	2099.60	14	PEN	107	6	Prur	A-12345	f		{}	{}	0
97	Se informara a los trabajadores	40	2026-04-16	2026-04-29	09:38:00	11:38:00	7350.00	1176.00	8526.00	6	CON	93	8	Junta informativa	A-12345	f		{"Firma de contrato / Aceptación de términos": true}	{}	0.07142857142857142
116	SI acepto me gusto	30	2026-04-17	2026-04-28	16:45:00	18:45:00	2980.00	476.80	3456.80	6	CON	112	9	nuevo evento	A-12345	f		{"item_9": true, "Trabajadores asignados": true, "Definición del montaje": true, "Anticipo recibido (primer pago)": true, "Equipamiento requerido definido": true, "Servicios adicionales definidos": true, "Montaje de mobiliario completado": true, "Orden de Servicio (BEO) distribuida": true, "Firma de contrato / Aceptación de términos": true}	{"240": true, "241": true}	0.6428571428571429
117	Junta para todos aquellos vendedores jovenes	70	2026-04-18	2026-04-26	18:12:00	19:12:00	4600.00	736.00	5336.00	3	CON	113	8	Junta especializada en ventas	A-12345	f		{}	{}	0
118	Juan invitara a conferencistas de todo el mundo	50	2026-04-19	2026-04-28	11:29:00	13:30:00	9700.00	1552.00	11252.00	16	PEN	114	1	Juan y sus invitados	A-12345	f		{}	{}	0
98	Se festeja a pedro	50	2026-04-16	2026-04-25	11:34:00	12:35:00	6375.00	1020.00	7395.00	6	CON	94	9	Cumpleaños de pedro	A-12345	f		{"Trabajadores asignados": true, "Anticipo recibido (primer pago)": true, "Firma de contrato / Aceptación de términos": true}	{}	0.21428571428571427
\.


--
-- Data for Name: rol; Type: TABLE DATA; Schema: public; Owner: postgres
--

COPY public.rol (codigo, nombre) FROM stdin;
ADMIN	Administrador
COORD	Coordinador
RECEP	Recepcionista
ALMAC	Almacen
\.


--
-- Data for Name: salon; Type: TABLE DATA; Schema: public; Owner: postgres
--

COPY public.salon (id, nombre, costo, ubicacion, "dimenLargo", "dimenAncho", "dimenAlto", "metrosCuadrados", "maxCapacidad", estado_salon_id) FROM stdin;
2	Vivaldi I	1800.00	Planta Baja - Ala Norte	9.00	3.60	3.60	32.40	60	DIS
4	Vivaldi III	1800.00	Planta Baja - Ala Norte	9.00	3.60	3.60	32.40	70	DIS
5	Vivaldi IV	1800.00	Planta Baja - Ala Norte	9.00	3.60	3.60	32.40	70	DIS
8	Beethoven	5000.00	Piso 1 - Este	17.00	10.00	7.90	170.00	180	DIS
10	Chopin	7500.00	Piso 2 - Oeste	9.00	25.00	3.60	225.00	250	DIS
11	Gran Mozart	12000.00	Planta Baja - Acceso Principal	28.00	17.00	6.10	476.00	700	DIS
9	Gran Vivaldi	6000.00	Planta Baja - Gran Salon	9.00	24.00	5.30	216.00	600	DIS
13	Salon Ejecutivo	6000.00	Planta baja	12.00	8.00	2.80	96.00	60	DIS
12	Salon Gran Gala	15000.00	Planta baja	25.00	15.00	4.00	375.00	200	DIS
3	Vivaldi II	1800.00	Planta Baja - Ala Norte	9.00	3.60	3.60	32.40	70	DIS
7	Mozart	4500.00	Piso 1 - Centro	17.00	9.00	3.80	153.00	180	DIS
1	Vivaldi V	1500.00	Planta Baja - Ala Norte	9.00	3.60	3.60	32.40	40	DIS
6	Shubert	4500.00	Piso 1 - Centro	17.00	9.00	6.10	153.00	180	DIS
\.


--
-- Data for Name: servicio; Type: TABLE DATA; Schema: public; Owner: postgres
--

COPY public.servicio (id, nombre, descripcion, costo, disposicion, tipo_servicio_id) FROM stdin;
1	Coffee break basico	Cafe, te, agua y galletas	120.00	t	1
2	Coffee break premium	Cafe, te, jugos, frutas y pasteleria	250.00	t	1
3	Comida corrida	Menu del dia con entrada, plato fuerte y postre	350.00	t	1
4	Bufete completo	Bufete con multiple opciones de comida	600.00	t	1
5	Servicio de limpieza	Limpieza del salon durante el evento	500.00	t	8
6	Seguridad privada	Guardia de seguridad durante el evento	800.00	t	7
7	Decoracion basica	Manteles y centros de mesa	300.00	t	3
8	Decoracion premium	Decoracion completa con flores naturales	1500.00	t	3
9	Internet de alta velocidad	WiFi de 100 Mbps para el evento	200.00	t	10
13	Fotografia profesional	Sesion fotografica de 4 horas	2000.00	t	5
14	Video profesional	Grabacion en video de 4 horas	2500.00	t	5
15	DJ basico	Equipo de musica y DJ por 4 horas	1500.00	t	6
16	Banda en vivo	Banda de 4 musicos por 3 horas	5000.00	t	6
17	Coffee Break		1500.00	t	1
19	Servicio de Cóctel	Servicio de bocadillos y bebidas para consumir de pie, fomentando la interacción.	150.00	t	1
20	Servicio de Mantelería	Gestión de textiles que visten las mesas y sillas	455.00	t	3
21	Ambientación	Decoración y personalización visual del salón.	1600.00	t	3
22	Servicio de Grabación y Streaming	Registro del evento o transmisión en vivo para audiencias remotas.	2999.00	t	10
18	Servicio de Alojamiento para Grupos	Gestión de habitaciones para eventos que requieren pernoctación	4500.00	t	7
23	Servicio de Guardarropa	Recepción y resguardo de pertenencias personales de los invitados.	1700.00	t	7
\.


--
-- Data for Name: tipo_cliente; Type: TABLE DATA; Schema: public; Owner: postgres
--

COPY public.tipo_cliente (codigo, nombre, disposicion) FROM stdin;
MOR	Persona moral	t
FIS	Persona fisica	t
PM	Persona Moral	t
PF	Persona Fisica	t
\.


--
-- Data for Name: tipo_equipa; Type: TABLE DATA; Schema: public; Owner: postgres
--

COPY public.tipo_equipa (id, nombre, disposicion) FROM stdin;
1	Audio	t
2	Video	t
3	Iluminacion	t
4	Computo	t
7	Apoyo Logístico	t
8	Estructural	t
\.


--
-- Data for Name: tipo_evento; Type: TABLE DATA; Schema: public; Owner: postgres
--

COPY public.tipo_evento (id, nombre, disposicion) FROM stdin;
1	Conferencia	t
2	Seminario	t
3	Cena de empresa	t
4	Lanzamiento de producto	t
5	Boda	t
6	Junta de consejo	t
7	Asamblea	t
8	Reunion de trabajo	t
9	Fiesta	t
10	Otro	t
11	Paquete	t
12	XV Anos	t
13	Aniversario	t
14	Gala	t
\.


--
-- Data for Name: tipo_mobil; Type: TABLE DATA; Schema: public; Owner: postgres
--

COPY public.tipo_mobil (id, nombre, disposicion) FROM stdin;
1	Sillas	t
4	Taburetes	t
5	Podios	t
2	Mesas	t
3	Mobiliario de apoyo y almacenamiento	t
6	Mobiliario complementario	t
\.


--
-- Data for Name: tipo_montaje; Type: TABLE DATA; Schema: public; Owner: postgres
--

COPY public.tipo_montaje (id, nombre, disposicion, "capacidadIdeal", descripcion) FROM stdin;
1	Teatro	t	100	
2	Escuela	t	60	
3	Banquete	t	80	
4	Recepcion	t	150	
5	Imperial	t	40	
6	Herradura	t	50	
7	Mesa rusa	t	30	
\.


--
-- Data for Name: tipo_servicio; Type: TABLE DATA; Schema: public; Owner: postgres
--

COPY public.tipo_servicio (id, nombre, descripcion, disposicion) FROM stdin;
1	Catering	Servicios de comida	t
2	Audiovisual	Equipos AV	t
3	Decoracion	Decoracion	t
5	Fotografia	Foto	t
6	Musica	Musica	t
7	Seguridad	Seguridad	t
8	Limpieza	Limpieza	t
10	Internet	Internet	t
\.


--
-- Data for Name: trabajador; Type: TABLE DATA; Schema: public; Owner: postgres
--

COPY public.trabajador (no_empleado, rfc, nombre, "apellidoPaterno", "apelidoMaterno", telefono, correo_electronico, cuenta_id, rol_id) FROM stdin;
EMP001	GARC850101HDF	Gerardo	Aguilar	Reyes	6641234567	gerardo.aguilar@montecarlo.com	8	ADMIN
EMP002	LOPE900512MDF	Maria	Lopez	Garcia	6649876543	maria.lopez@montecarlo.com	9	COORD
EMP003	MENC880215HDF	Carlos	Mendoza	Ruiz	6645551234	carlos.mendoza@montecarlo.com	10	RECEP
A-12345	ABCABC7891023	Luis David	Gallardo	Ramirez	6632181610	luisdagallardo@gmail.com	1	ADMIN
M-28281	9876543210123	David	Gallardo	Ramirez	6002001919	ldavidgrdrmz@gmail.com	16	ALMAC
TRAB-001	XAXX010101000	Carlos	Recepcionista	\N	5550000000	recep@hotel.com	18	RECEP
\.


--
-- Name: auth_group_id_seq; Type: SEQUENCE SET; Schema: public; Owner: postgres
--

SELECT pg_catalog.setval('public.auth_group_id_seq', 1, false);


--
-- Name: auth_group_permissions_id_seq; Type: SEQUENCE SET; Schema: public; Owner: postgres
--

SELECT pg_catalog.setval('public.auth_group_permissions_id_seq', 1, false);


--
-- Name: auth_permission_id_seq; Type: SEQUENCE SET; Schema: public; Owner: postgres
--

SELECT pg_catalog.setval('public.auth_permission_id_seq', 185, true);


--
-- Name: auth_user_groups_id_seq; Type: SEQUENCE SET; Schema: public; Owner: postgres
--

SELECT pg_catalog.setval('public.auth_user_groups_id_seq', 1, false);


--
-- Name: auth_user_id_seq; Type: SEQUENCE SET; Schema: public; Owner: postgres
--

SELECT pg_catalog.setval('public.auth_user_id_seq', 3, true);


--
-- Name: auth_user_user_permissions_id_seq; Type: SEQUENCE SET; Schema: public; Owner: postgres
--

SELECT pg_catalog.setval('public.auth_user_user_permissions_id_seq', 1, false);


--
-- Name: caracter_mobi_id_seq; Type: SEQUENCE SET; Schema: public; Owner: postgres
--

SELECT pg_catalog.setval('public.caracter_mobi_id_seq', 46, true);


--
-- Name: cuenta_id_seq; Type: SEQUENCE SET; Schema: public; Owner: postgres
--

SELECT pg_catalog.setval('public.cuenta_id_seq', 25, true);


--
-- Name: datos_cliente_id_seq; Type: SEQUENCE SET; Schema: public; Owner: postgres
--

SELECT pg_catalog.setval('public.datos_cliente_id_seq', 16, true);


--
-- Name: django_admin_log_id_seq; Type: SEQUENCE SET; Schema: public; Owner: postgres
--

SELECT pg_catalog.setval('public.django_admin_log_id_seq', 121, true);


--
-- Name: django_content_type_id_seq; Type: SEQUENCE SET; Schema: public; Owner: postgres
--

SELECT pg_catalog.setval('public.django_content_type_id_seq', 71, true);


--
-- Name: django_migrations_id_seq; Type: SEQUENCE SET; Schema: public; Owner: postgres
--

SELECT pg_catalog.setval('public.django_migrations_id_seq', 67, true);


--
-- Name: encuesta_id_seq; Type: SEQUENCE SET; Schema: public; Owner: postgres
--

SELECT pg_catalog.setval('public.encuesta_id_seq', 5, true);


--
-- Name: equipamiento_id_seq; Type: SEQUENCE SET; Schema: public; Owner: postgres
--

SELECT pg_catalog.setval('public.equipamiento_id_seq', 20, true);


--
-- Name: inventario_equipa_id_seq; Type: SEQUENCE SET; Schema: public; Owner: postgres
--

SELECT pg_catalog.setval('public.inventario_equipa_id_seq', 68, true);


--
-- Name: inventario_mobil_id_seq; Type: SEQUENCE SET; Schema: public; Owner: postgres
--

SELECT pg_catalog.setval('public.inventario_mobil_id_seq', 99, true);


--
-- Name: mobiliario_descripcion_mob_id_seq; Type: SEQUENCE SET; Schema: public; Owner: postgres
--

SELECT pg_catalog.setval('public.mobiliario_descripcion_mob_id_seq', 54, true);


--
-- Name: mobiliario_id_seq; Type: SEQUENCE SET; Schema: public; Owner: postgres
--

SELECT pg_catalog.setval('public.mobiliario_id_seq', 26, true);


--
-- Name: montaje_id_seq; Type: SEQUENCE SET; Schema: public; Owner: postgres
--

SELECT pg_catalog.setval('public.montaje_id_seq', 114, true);


--
-- Name: montaje_mobilairio_id_seq; Type: SEQUENCE SET; Schema: public; Owner: postgres
--

SELECT pg_catalog.setval('public.montaje_mobilairio_id_seq', 244, true);


--
-- Name: pago_id_seq; Type: SEQUENCE SET; Schema: public; Owner: postgres
--

SELECT pg_catalog.setval('public.pago_id_seq', 56, true);


--
-- Name: registr_esta_reserva_id_seq; Type: SEQUENCE SET; Schema: public; Owner: postgres
--

SELECT pg_catalog.setval('public.registr_esta_reserva_id_seq', 110, true);


--
-- Name: registr_esta_salon_id_seq; Type: SEQUENCE SET; Schema: public; Owner: postgres
--

SELECT pg_catalog.setval('public.registr_esta_salon_id_seq', 39, true);


--
-- Name: reserva_equipa_id_seq; Type: SEQUENCE SET; Schema: public; Owner: postgres
--

SELECT pg_catalog.setval('public.reserva_equipa_id_seq', 113, true);


--
-- Name: reserva_servicio_id_seq; Type: SEQUENCE SET; Schema: public; Owner: postgres
--

SELECT pg_catalog.setval('public.reserva_servicio_id_seq', 138, true);


--
-- Name: reservacion_id_seq; Type: SEQUENCE SET; Schema: public; Owner: postgres
--

SELECT pg_catalog.setval('public.reservacion_id_seq', 118, true);


--
-- Name: salon_id_seq; Type: SEQUENCE SET; Schema: public; Owner: postgres
--

SELECT pg_catalog.setval('public.salon_id_seq', 13, true);


--
-- Name: servicio_id_seq; Type: SEQUENCE SET; Schema: public; Owner: postgres
--

SELECT pg_catalog.setval('public.servicio_id_seq', 23, true);


--
-- Name: tipo_equipa_id_seq; Type: SEQUENCE SET; Schema: public; Owner: postgres
--

SELECT pg_catalog.setval('public.tipo_equipa_id_seq', 8, true);


--
-- Name: tipo_evento_id_seq; Type: SEQUENCE SET; Schema: public; Owner: postgres
--

SELECT pg_catalog.setval('public.tipo_evento_id_seq', 14, true);


--
-- Name: tipo_mobil_id_seq; Type: SEQUENCE SET; Schema: public; Owner: postgres
--

SELECT pg_catalog.setval('public.tipo_mobil_id_seq', 6, true);


--
-- Name: tipo_montaje_id_seq; Type: SEQUENCE SET; Schema: public; Owner: postgres
--

SELECT pg_catalog.setval('public.tipo_montaje_id_seq', 8, false);


--
-- Name: tipo_servicio_id_seq; Type: SEQUENCE SET; Schema: public; Owner: postgres
--

SELECT pg_catalog.setval('public.tipo_servicio_id_seq', 11, false);


--
-- Name: auth_group auth_group_name_key; Type: CONSTRAINT; Schema: public; Owner: postgres
--

ALTER TABLE ONLY public.auth_group
    ADD CONSTRAINT auth_group_name_key UNIQUE (name);


--
-- Name: auth_group_permissions auth_group_permissions_group_id_permission_id_0cd325b0_uniq; Type: CONSTRAINT; Schema: public; Owner: postgres
--

ALTER TABLE ONLY public.auth_group_permissions
    ADD CONSTRAINT auth_group_permissions_group_id_permission_id_0cd325b0_uniq UNIQUE (group_id, permission_id);


--
-- Name: auth_group_permissions auth_group_permissions_pkey; Type: CONSTRAINT; Schema: public; Owner: postgres
--

ALTER TABLE ONLY public.auth_group_permissions
    ADD CONSTRAINT auth_group_permissions_pkey PRIMARY KEY (id);


--
-- Name: auth_group auth_group_pkey; Type: CONSTRAINT; Schema: public; Owner: postgres
--

ALTER TABLE ONLY public.auth_group
    ADD CONSTRAINT auth_group_pkey PRIMARY KEY (id);


--
-- Name: auth_permission auth_permission_content_type_id_codename_01ab375a_uniq; Type: CONSTRAINT; Schema: public; Owner: postgres
--

ALTER TABLE ONLY public.auth_permission
    ADD CONSTRAINT auth_permission_content_type_id_codename_01ab375a_uniq UNIQUE (content_type_id, codename);


--
-- Name: auth_permission auth_permission_pkey; Type: CONSTRAINT; Schema: public; Owner: postgres
--

ALTER TABLE ONLY public.auth_permission
    ADD CONSTRAINT auth_permission_pkey PRIMARY KEY (id);


--
-- Name: auth_user_groups auth_user_groups_pkey; Type: CONSTRAINT; Schema: public; Owner: postgres
--

ALTER TABLE ONLY public.auth_user_groups
    ADD CONSTRAINT auth_user_groups_pkey PRIMARY KEY (id);


--
-- Name: auth_user_groups auth_user_groups_user_id_group_id_94350c0c_uniq; Type: CONSTRAINT; Schema: public; Owner: postgres
--

ALTER TABLE ONLY public.auth_user_groups
    ADD CONSTRAINT auth_user_groups_user_id_group_id_94350c0c_uniq UNIQUE (user_id, group_id);


--
-- Name: auth_user auth_user_pkey; Type: CONSTRAINT; Schema: public; Owner: postgres
--

ALTER TABLE ONLY public.auth_user
    ADD CONSTRAINT auth_user_pkey PRIMARY KEY (id);


--
-- Name: auth_user_user_permissions auth_user_user_permissions_pkey; Type: CONSTRAINT; Schema: public; Owner: postgres
--

ALTER TABLE ONLY public.auth_user_user_permissions
    ADD CONSTRAINT auth_user_user_permissions_pkey PRIMARY KEY (id);


--
-- Name: auth_user_user_permissions auth_user_user_permissions_user_id_permission_id_14a6b632_uniq; Type: CONSTRAINT; Schema: public; Owner: postgres
--

ALTER TABLE ONLY public.auth_user_user_permissions
    ADD CONSTRAINT auth_user_user_permissions_user_id_permission_id_14a6b632_uniq UNIQUE (user_id, permission_id);


--
-- Name: auth_user auth_user_username_key; Type: CONSTRAINT; Schema: public; Owner: postgres
--

ALTER TABLE ONLY public.auth_user
    ADD CONSTRAINT auth_user_username_key UNIQUE (username);


--
-- Name: caracter_mobi caracter_mobi_pkey; Type: CONSTRAINT; Schema: public; Owner: postgres
--

ALTER TABLE ONLY public.caracter_mobi
    ADD CONSTRAINT caracter_mobi_pkey PRIMARY KEY (id);


--
-- Name: concepto_pago concepto_pago_pkey; Type: CONSTRAINT; Schema: public; Owner: postgres
--

ALTER TABLE ONLY public.concepto_pago
    ADD CONSTRAINT concepto_pago_pkey PRIMARY KEY (codigo);


--
-- Name: cuenta cuenta_correo_electronico_27870941_uniq; Type: CONSTRAINT; Schema: public; Owner: postgres
--

ALTER TABLE ONLY public.cuenta
    ADD CONSTRAINT cuenta_correo_electronico_27870941_uniq UNIQUE (correo_electronico);


--
-- Name: cuenta cuenta_firebase_uid_key; Type: CONSTRAINT; Schema: public; Owner: postgres
--

ALTER TABLE ONLY public.cuenta
    ADD CONSTRAINT cuenta_firebase_uid_key UNIQUE (firebase_uid);


--
-- Name: cuenta cuenta_pkey; Type: CONSTRAINT; Schema: public; Owner: postgres
--

ALTER TABLE ONLY public.cuenta
    ADD CONSTRAINT cuenta_pkey PRIMARY KEY (id);


--
-- Name: datos_cliente datos_cliente_correo_electronico_a27faeb9_uniq; Type: CONSTRAINT; Schema: public; Owner: postgres
--

ALTER TABLE ONLY public.datos_cliente
    ADD CONSTRAINT datos_cliente_correo_electronico_a27faeb9_uniq UNIQUE (correo_electronico);


--
-- Name: datos_cliente datos_cliente_pkey; Type: CONSTRAINT; Schema: public; Owner: postgres
--

ALTER TABLE ONLY public.datos_cliente
    ADD CONSTRAINT datos_cliente_pkey PRIMARY KEY (id);


--
-- Name: django_admin_log django_admin_log_pkey; Type: CONSTRAINT; Schema: public; Owner: postgres
--

ALTER TABLE ONLY public.django_admin_log
    ADD CONSTRAINT django_admin_log_pkey PRIMARY KEY (id);


--
-- Name: django_content_type django_content_type_app_label_model_76bd3d3b_uniq; Type: CONSTRAINT; Schema: public; Owner: postgres
--

ALTER TABLE ONLY public.django_content_type
    ADD CONSTRAINT django_content_type_app_label_model_76bd3d3b_uniq UNIQUE (app_label, model);


--
-- Name: django_content_type django_content_type_pkey; Type: CONSTRAINT; Schema: public; Owner: postgres
--

ALTER TABLE ONLY public.django_content_type
    ADD CONSTRAINT django_content_type_pkey PRIMARY KEY (id);


--
-- Name: django_migrations django_migrations_pkey; Type: CONSTRAINT; Schema: public; Owner: postgres
--

ALTER TABLE ONLY public.django_migrations
    ADD CONSTRAINT django_migrations_pkey PRIMARY KEY (id);


--
-- Name: django_session django_session_pkey; Type: CONSTRAINT; Schema: public; Owner: postgres
--

ALTER TABLE ONLY public.django_session
    ADD CONSTRAINT django_session_pkey PRIMARY KEY (session_key);


--
-- Name: encuesta encuesta_pkey; Type: CONSTRAINT; Schema: public; Owner: postgres
--

ALTER TABLE ONLY public.encuesta
    ADD CONSTRAINT encuesta_pkey PRIMARY KEY (id);


--
-- Name: equipamiento equipamiento_pkey; Type: CONSTRAINT; Schema: public; Owner: postgres
--

ALTER TABLE ONLY public.equipamiento
    ADD CONSTRAINT equipamiento_pkey PRIMARY KEY (id);


--
-- Name: estado_cuenta estado_cuenta_pkey; Type: CONSTRAINT; Schema: public; Owner: postgres
--

ALTER TABLE ONLY public.estado_cuenta
    ADD CONSTRAINT estado_cuenta_pkey PRIMARY KEY (codigo);


--
-- Name: estado_equipa estado_equipa_pkey; Type: CONSTRAINT; Schema: public; Owner: postgres
--

ALTER TABLE ONLY public.estado_equipa
    ADD CONSTRAINT estado_equipa_pkey PRIMARY KEY (codigo);


--
-- Name: inventario_equipa estado_equipamiento; Type: CONSTRAINT; Schema: public; Owner: postgres
--

ALTER TABLE ONLY public.inventario_equipa
    ADD CONSTRAINT estado_equipamiento UNIQUE (equipamiento_id, estado_equipa_id);


--
-- Name: estado_mobil estado_mobil_pkey; Type: CONSTRAINT; Schema: public; Owner: postgres
--

ALTER TABLE ONLY public.estado_mobil
    ADD CONSTRAINT estado_mobil_pkey PRIMARY KEY (codigo);


--
-- Name: inventario_mobil estado_mobiliario; Type: CONSTRAINT; Schema: public; Owner: postgres
--

ALTER TABLE ONLY public.inventario_mobil
    ADD CONSTRAINT estado_mobiliario UNIQUE (mobiliario_id, estado_mobil_id);


--
-- Name: estado_reserva estado_reserva_pkey; Type: CONSTRAINT; Schema: public; Owner: postgres
--

ALTER TABLE ONLY public.estado_reserva
    ADD CONSTRAINT estado_reserva_pkey PRIMARY KEY (codigo);


--
-- Name: estado_salon estado_salon_pkey; Type: CONSTRAINT; Schema: public; Owner: postgres
--

ALTER TABLE ONLY public.estado_salon
    ADD CONSTRAINT estado_salon_pkey PRIMARY KEY (codigo);


--
-- Name: inventario_equipa inventario_equipa_pkey; Type: CONSTRAINT; Schema: public; Owner: postgres
--

ALTER TABLE ONLY public.inventario_equipa
    ADD CONSTRAINT inventario_equipa_pkey PRIMARY KEY (id);


--
-- Name: inventario_mobil inventario_mobil_pkey; Type: CONSTRAINT; Schema: public; Owner: postgres
--

ALTER TABLE ONLY public.inventario_mobil
    ADD CONSTRAINT inventario_mobil_pkey PRIMARY KEY (id);


--
-- Name: metodo_pago metodo_pago_pkey; Type: CONSTRAINT; Schema: public; Owner: postgres
--

ALTER TABLE ONLY public.metodo_pago
    ADD CONSTRAINT metodo_pago_pkey PRIMARY KEY (codigo);


--
-- Name: mobiliario_descripcion_mob mobiliario_descripcion_m_mobiliario_id_caractermo_cb8efdc2_uniq; Type: CONSTRAINT; Schema: public; Owner: postgres
--

ALTER TABLE ONLY public.mobiliario_descripcion_mob
    ADD CONSTRAINT mobiliario_descripcion_m_mobiliario_id_caractermo_cb8efdc2_uniq UNIQUE (mobiliario_id, caractermobil_id);


--
-- Name: mobiliario_descripcion_mob mobiliario_descripcion_mob_pkey; Type: CONSTRAINT; Schema: public; Owner: postgres
--

ALTER TABLE ONLY public.mobiliario_descripcion_mob
    ADD CONSTRAINT mobiliario_descripcion_mob_pkey PRIMARY KEY (id);


--
-- Name: mobiliario mobiliario_pkey; Type: CONSTRAINT; Schema: public; Owner: postgres
--

ALTER TABLE ONLY public.mobiliario
    ADD CONSTRAINT mobiliario_pkey PRIMARY KEY (id);


--
-- Name: montaje_mobiliario montaje_mobilairio_pkey; Type: CONSTRAINT; Schema: public; Owner: postgres
--

ALTER TABLE ONLY public.montaje_mobiliario
    ADD CONSTRAINT montaje_mobilairio_pkey PRIMARY KEY (id);


--
-- Name: montaje montaje_pkey; Type: CONSTRAINT; Schema: public; Owner: postgres
--

ALTER TABLE ONLY public.montaje
    ADD CONSTRAINT montaje_pkey PRIMARY KEY (id);


--
-- Name: pago pago_pkey; Type: CONSTRAINT; Schema: public; Owner: postgres
--

ALTER TABLE ONLY public.pago
    ADD CONSTRAINT pago_pkey PRIMARY KEY (id);


--
-- Name: registr_esta_reserva registr_esta_reserva_pkey; Type: CONSTRAINT; Schema: public; Owner: postgres
--

ALTER TABLE ONLY public.registr_esta_reserva
    ADD CONSTRAINT registr_esta_reserva_pkey PRIMARY KEY (id);


--
-- Name: registr_esta_salon registr_esta_salon_pkey; Type: CONSTRAINT; Schema: public; Owner: postgres
--

ALTER TABLE ONLY public.registr_esta_salon
    ADD CONSTRAINT registr_esta_salon_pkey PRIMARY KEY (id);


--
-- Name: reserva_equipa reserva_equipa_pkey; Type: CONSTRAINT; Schema: public; Owner: postgres
--

ALTER TABLE ONLY public.reserva_equipa
    ADD CONSTRAINT reserva_equipa_pkey PRIMARY KEY (id);


--
-- Name: reserva_servicio reserva_servicio_pkey; Type: CONSTRAINT; Schema: public; Owner: postgres
--

ALTER TABLE ONLY public.reserva_servicio
    ADD CONSTRAINT reserva_servicio_pkey PRIMARY KEY (id);


--
-- Name: reservacion reservacion_pkey; Type: CONSTRAINT; Schema: public; Owner: postgres
--

ALTER TABLE ONLY public.reservacion
    ADD CONSTRAINT reservacion_pkey PRIMARY KEY (id);


--
-- Name: rol rol_nombre_ab94fcd3_uniq; Type: CONSTRAINT; Schema: public; Owner: postgres
--

ALTER TABLE ONLY public.rol
    ADD CONSTRAINT rol_nombre_ab94fcd3_uniq UNIQUE (nombre);


--
-- Name: rol rol_pkey; Type: CONSTRAINT; Schema: public; Owner: postgres
--

ALTER TABLE ONLY public.rol
    ADD CONSTRAINT rol_pkey PRIMARY KEY (codigo);


--
-- Name: salon salon_pkey; Type: CONSTRAINT; Schema: public; Owner: postgres
--

ALTER TABLE ONLY public.salon
    ADD CONSTRAINT salon_pkey PRIMARY KEY (id);


--
-- Name: servicio servicio_pkey; Type: CONSTRAINT; Schema: public; Owner: postgres
--

ALTER TABLE ONLY public.servicio
    ADD CONSTRAINT servicio_pkey PRIMARY KEY (id);


--
-- Name: tipo_cliente tipo_cliente_pkey; Type: CONSTRAINT; Schema: public; Owner: postgres
--

ALTER TABLE ONLY public.tipo_cliente
    ADD CONSTRAINT tipo_cliente_pkey PRIMARY KEY (codigo);


--
-- Name: tipo_equipa tipo_equipa_pkey; Type: CONSTRAINT; Schema: public; Owner: postgres
--

ALTER TABLE ONLY public.tipo_equipa
    ADD CONSTRAINT tipo_equipa_pkey PRIMARY KEY (id);


--
-- Name: tipo_evento tipo_evento_pkey; Type: CONSTRAINT; Schema: public; Owner: postgres
--

ALTER TABLE ONLY public.tipo_evento
    ADD CONSTRAINT tipo_evento_pkey PRIMARY KEY (id);


--
-- Name: tipo_mobil tipo_mobil_pkey; Type: CONSTRAINT; Schema: public; Owner: postgres
--

ALTER TABLE ONLY public.tipo_mobil
    ADD CONSTRAINT tipo_mobil_pkey PRIMARY KEY (id);


--
-- Name: tipo_montaje tipo_montaje_pkey; Type: CONSTRAINT; Schema: public; Owner: postgres
--

ALTER TABLE ONLY public.tipo_montaje
    ADD CONSTRAINT tipo_montaje_pkey PRIMARY KEY (id);


--
-- Name: tipo_servicio tipo_servicio_pkey; Type: CONSTRAINT; Schema: public; Owner: postgres
--

ALTER TABLE ONLY public.tipo_servicio
    ADD CONSTRAINT tipo_servicio_pkey PRIMARY KEY (id);


--
-- Name: trabajador trabajador_correo_electronico_004573a2_uniq; Type: CONSTRAINT; Schema: public; Owner: postgres
--

ALTER TABLE ONLY public.trabajador
    ADD CONSTRAINT trabajador_correo_electronico_004573a2_uniq UNIQUE (correo_electronico);


--
-- Name: trabajador trabajador_pkey; Type: CONSTRAINT; Schema: public; Owner: postgres
--

ALTER TABLE ONLY public.trabajador
    ADD CONSTRAINT trabajador_pkey PRIMARY KEY (no_empleado);


--
-- Name: auth_group_name_a6ea08ec_like; Type: INDEX; Schema: public; Owner: postgres
--

CREATE INDEX auth_group_name_a6ea08ec_like ON public.auth_group USING btree (name varchar_pattern_ops);


--
-- Name: auth_group_permissions_group_id_b120cbf9; Type: INDEX; Schema: public; Owner: postgres
--

CREATE INDEX auth_group_permissions_group_id_b120cbf9 ON public.auth_group_permissions USING btree (group_id);


--
-- Name: auth_group_permissions_permission_id_84c5c92e; Type: INDEX; Schema: public; Owner: postgres
--

CREATE INDEX auth_group_permissions_permission_id_84c5c92e ON public.auth_group_permissions USING btree (permission_id);


--
-- Name: auth_permission_content_type_id_2f476e4b; Type: INDEX; Schema: public; Owner: postgres
--

CREATE INDEX auth_permission_content_type_id_2f476e4b ON public.auth_permission USING btree (content_type_id);


--
-- Name: auth_user_groups_group_id_97559544; Type: INDEX; Schema: public; Owner: postgres
--

CREATE INDEX auth_user_groups_group_id_97559544 ON public.auth_user_groups USING btree (group_id);


--
-- Name: auth_user_groups_user_id_6a12ed8b; Type: INDEX; Schema: public; Owner: postgres
--

CREATE INDEX auth_user_groups_user_id_6a12ed8b ON public.auth_user_groups USING btree (user_id);


--
-- Name: auth_user_user_permissions_permission_id_1fbb5f2c; Type: INDEX; Schema: public; Owner: postgres
--

CREATE INDEX auth_user_user_permissions_permission_id_1fbb5f2c ON public.auth_user_user_permissions USING btree (permission_id);


--
-- Name: auth_user_user_permissions_user_id_a95ead1b; Type: INDEX; Schema: public; Owner: postgres
--

CREATE INDEX auth_user_user_permissions_user_id_a95ead1b ON public.auth_user_user_permissions USING btree (user_id);


--
-- Name: auth_user_username_6821ab7c_like; Type: INDEX; Schema: public; Owner: postgres
--

CREATE INDEX auth_user_username_6821ab7c_like ON public.auth_user USING btree (username varchar_pattern_ops);


--
-- Name: concepto_pago_codigo_2fc6a8f8_like; Type: INDEX; Schema: public; Owner: postgres
--

CREATE INDEX concepto_pago_codigo_2fc6a8f8_like ON public.concepto_pago USING btree (codigo varchar_pattern_ops);


--
-- Name: cuenta_correo_electronico_27870941_like; Type: INDEX; Schema: public; Owner: postgres
--

CREATE INDEX cuenta_correo_electronico_27870941_like ON public.cuenta USING btree (correo_electronico varchar_pattern_ops);


--
-- Name: cuenta_estado_cuenta_id_da82fe13; Type: INDEX; Schema: public; Owner: postgres
--

CREATE INDEX cuenta_estado_cuenta_id_da82fe13 ON public.cuenta USING btree (estado_cuenta_id);


--
-- Name: cuenta_estado_cuenta_id_da82fe13_like; Type: INDEX; Schema: public; Owner: postgres
--

CREATE INDEX cuenta_estado_cuenta_id_da82fe13_like ON public.cuenta USING btree (estado_cuenta_id varchar_pattern_ops);


--
-- Name: cuenta_firebase_uid_1388a828_like; Type: INDEX; Schema: public; Owner: postgres
--

CREATE INDEX cuenta_firebase_uid_1388a828_like ON public.cuenta USING btree (firebase_uid varchar_pattern_ops);


--
-- Name: datos_cliente_correo_electronico_a27faeb9_like; Type: INDEX; Schema: public; Owner: postgres
--

CREATE INDEX datos_cliente_correo_electronico_a27faeb9_like ON public.datos_cliente USING btree (correo_electronico varchar_pattern_ops);


--
-- Name: datos_cliente_cuenta_id_1a241c4e; Type: INDEX; Schema: public; Owner: postgres
--

CREATE INDEX datos_cliente_cuenta_id_1a241c4e ON public.datos_cliente USING btree (cuenta_id);


--
-- Name: datos_cliente_tipo_cliente_id_b573971f; Type: INDEX; Schema: public; Owner: postgres
--

CREATE INDEX datos_cliente_tipo_cliente_id_b573971f ON public.datos_cliente USING btree (tipo_cliente_id);


--
-- Name: datos_cliente_tipo_cliente_id_b573971f_like; Type: INDEX; Schema: public; Owner: postgres
--

CREATE INDEX datos_cliente_tipo_cliente_id_b573971f_like ON public.datos_cliente USING btree (tipo_cliente_id varchar_pattern_ops);


--
-- Name: django_admin_log_content_type_id_c4bce8eb; Type: INDEX; Schema: public; Owner: postgres
--

CREATE INDEX django_admin_log_content_type_id_c4bce8eb ON public.django_admin_log USING btree (content_type_id);


--
-- Name: django_admin_log_user_id_c564eba6; Type: INDEX; Schema: public; Owner: postgres
--

CREATE INDEX django_admin_log_user_id_c564eba6 ON public.django_admin_log USING btree (user_id);


--
-- Name: django_session_expire_date_a5c62663; Type: INDEX; Schema: public; Owner: postgres
--

CREATE INDEX django_session_expire_date_a5c62663 ON public.django_session USING btree (expire_date);


--
-- Name: django_session_session_key_c0390e0f_like; Type: INDEX; Schema: public; Owner: postgres
--

CREATE INDEX django_session_session_key_c0390e0f_like ON public.django_session USING btree (session_key varchar_pattern_ops);


--
-- Name: encuesta_reservacion_id_9bbd360d; Type: INDEX; Schema: public; Owner: postgres
--

CREATE INDEX encuesta_reservacion_id_9bbd360d ON public.encuesta USING btree (reservacion_id);


--
-- Name: equipamiento_tipo_equipa_id_6021d437; Type: INDEX; Schema: public; Owner: postgres
--

CREATE INDEX equipamiento_tipo_equipa_id_6021d437 ON public.equipamiento USING btree (tipo_equipa_id);


--
-- Name: estado_cuenta_codigo_b8d7e8c6_like; Type: INDEX; Schema: public; Owner: postgres
--

CREATE INDEX estado_cuenta_codigo_b8d7e8c6_like ON public.estado_cuenta USING btree (codigo varchar_pattern_ops);


--
-- Name: estado_equipa_codigo_1390871c_like; Type: INDEX; Schema: public; Owner: postgres
--

CREATE INDEX estado_equipa_codigo_1390871c_like ON public.estado_equipa USING btree (codigo varchar_pattern_ops);


--
-- Name: estado_mobil_codigo_b054b6a0_like; Type: INDEX; Schema: public; Owner: postgres
--

CREATE INDEX estado_mobil_codigo_b054b6a0_like ON public.estado_mobil USING btree (codigo varchar_pattern_ops);


--
-- Name: estado_reserva_codigo_514f7533_like; Type: INDEX; Schema: public; Owner: postgres
--

CREATE INDEX estado_reserva_codigo_514f7533_like ON public.estado_reserva USING btree (codigo varchar_pattern_ops);


--
-- Name: estado_salon_codigo_b7fe9670_like; Type: INDEX; Schema: public; Owner: postgres
--

CREATE INDEX estado_salon_codigo_b7fe9670_like ON public.estado_salon USING btree (codigo varchar_pattern_ops);


--
-- Name: inventario_equipa_equipamiento_id_919efa50; Type: INDEX; Schema: public; Owner: postgres
--

CREATE INDEX inventario_equipa_equipamiento_id_919efa50 ON public.inventario_equipa USING btree (equipamiento_id);


--
-- Name: inventario_equipa_estado_equipa_id_08c3eee0; Type: INDEX; Schema: public; Owner: postgres
--

CREATE INDEX inventario_equipa_estado_equipa_id_08c3eee0 ON public.inventario_equipa USING btree (estado_equipa_id);


--
-- Name: inventario_equipa_estado_equipa_id_08c3eee0_like; Type: INDEX; Schema: public; Owner: postgres
--

CREATE INDEX inventario_equipa_estado_equipa_id_08c3eee0_like ON public.inventario_equipa USING btree (estado_equipa_id varchar_pattern_ops);


--
-- Name: inventario_mobil_estado_mobil_id_63c376f7; Type: INDEX; Schema: public; Owner: postgres
--

CREATE INDEX inventario_mobil_estado_mobil_id_63c376f7 ON public.inventario_mobil USING btree (estado_mobil_id);


--
-- Name: inventario_mobil_estado_mobil_id_63c376f7_like; Type: INDEX; Schema: public; Owner: postgres
--

CREATE INDEX inventario_mobil_estado_mobil_id_63c376f7_like ON public.inventario_mobil USING btree (estado_mobil_id varchar_pattern_ops);


--
-- Name: inventario_mobil_mobiliario_id_bdd44c7b; Type: INDEX; Schema: public; Owner: postgres
--

CREATE INDEX inventario_mobil_mobiliario_id_bdd44c7b ON public.inventario_mobil USING btree (mobiliario_id);


--
-- Name: metodo_pago_codigo_c19229b9_like; Type: INDEX; Schema: public; Owner: postgres
--

CREATE INDEX metodo_pago_codigo_c19229b9_like ON public.metodo_pago USING btree (codigo varchar_pattern_ops);


--
-- Name: mobiliario_descripcion_mob_caractermobil_id_2dbdf09e; Type: INDEX; Schema: public; Owner: postgres
--

CREATE INDEX mobiliario_descripcion_mob_caractermobil_id_2dbdf09e ON public.mobiliario_descripcion_mob USING btree (caractermobil_id);


--
-- Name: mobiliario_descripcion_mob_mobiliario_id_4edf83ce; Type: INDEX; Schema: public; Owner: postgres
--

CREATE INDEX mobiliario_descripcion_mob_mobiliario_id_4edf83ce ON public.mobiliario_descripcion_mob USING btree (mobiliario_id);


--
-- Name: mobiliario_tipo_movil_id_56c345c4; Type: INDEX; Schema: public; Owner: postgres
--

CREATE INDEX mobiliario_tipo_movil_id_56c345c4 ON public.mobiliario USING btree (tipo_movil_id);


--
-- Name: montaje_mobilairio_mobiliario_id_c96f85b8; Type: INDEX; Schema: public; Owner: postgres
--

CREATE INDEX montaje_mobilairio_mobiliario_id_c96f85b8 ON public.montaje_mobiliario USING btree (mobiliario_id);


--
-- Name: montaje_mobilairio_montaje_id_01d9cb23; Type: INDEX; Schema: public; Owner: postgres
--

CREATE INDEX montaje_mobilairio_montaje_id_01d9cb23 ON public.montaje_mobiliario USING btree (montaje_id);


--
-- Name: montaje_salon_id_b5f87ced; Type: INDEX; Schema: public; Owner: postgres
--

CREATE INDEX montaje_salon_id_b5f87ced ON public.montaje USING btree (salon_id);


--
-- Name: montaje_tipo_montaje_id_9d5bfdc9; Type: INDEX; Schema: public; Owner: postgres
--

CREATE INDEX montaje_tipo_montaje_id_9d5bfdc9 ON public.montaje USING btree (tipo_montaje_id);


--
-- Name: pago_concepto_pago_id_fd93a518; Type: INDEX; Schema: public; Owner: postgres
--

CREATE INDEX pago_concepto_pago_id_fd93a518 ON public.pago USING btree (concepto_pago_id);


--
-- Name: pago_concepto_pago_id_fd93a518_like; Type: INDEX; Schema: public; Owner: postgres
--

CREATE INDEX pago_concepto_pago_id_fd93a518_like ON public.pago USING btree (concepto_pago_id varchar_pattern_ops);


--
-- Name: pago_metodo_pago_id_a0b7dc7c; Type: INDEX; Schema: public; Owner: postgres
--

CREATE INDEX pago_metodo_pago_id_a0b7dc7c ON public.pago USING btree (metodo_pago_id);


--
-- Name: pago_metodo_pago_id_a0b7dc7c_like; Type: INDEX; Schema: public; Owner: postgres
--

CREATE INDEX pago_metodo_pago_id_a0b7dc7c_like ON public.pago USING btree (metodo_pago_id varchar_pattern_ops);


--
-- Name: pago_reservacion_id_26479676; Type: INDEX; Schema: public; Owner: postgres
--

CREATE INDEX pago_reservacion_id_26479676 ON public.pago USING btree (reservacion_id);


--
-- Name: registr_esta_reserva_estado_reserva_id_644e722d; Type: INDEX; Schema: public; Owner: postgres
--

CREATE INDEX registr_esta_reserva_estado_reserva_id_644e722d ON public.registr_esta_reserva USING btree (estado_reserva_id);


--
-- Name: registr_esta_reserva_estado_reserva_id_644e722d_like; Type: INDEX; Schema: public; Owner: postgres
--

CREATE INDEX registr_esta_reserva_estado_reserva_id_644e722d_like ON public.registr_esta_reserva USING btree (estado_reserva_id varchar_pattern_ops);


--
-- Name: registr_esta_reserva_reservacion_id_5fc3eef8; Type: INDEX; Schema: public; Owner: postgres
--

CREATE INDEX registr_esta_reserva_reservacion_id_5fc3eef8 ON public.registr_esta_reserva USING btree (reservacion_id);


--
-- Name: registr_esta_salon_estado_salon_id_548a8918; Type: INDEX; Schema: public; Owner: postgres
--

CREATE INDEX registr_esta_salon_estado_salon_id_548a8918 ON public.registr_esta_salon USING btree (estado_salon_id);


--
-- Name: registr_esta_salon_estado_salon_id_548a8918_like; Type: INDEX; Schema: public; Owner: postgres
--

CREATE INDEX registr_esta_salon_estado_salon_id_548a8918_like ON public.registr_esta_salon USING btree (estado_salon_id varchar_pattern_ops);


--
-- Name: registr_esta_salon_salon_id_adbf1493; Type: INDEX; Schema: public; Owner: postgres
--

CREATE INDEX registr_esta_salon_salon_id_adbf1493 ON public.registr_esta_salon USING btree (salon_id);


--
-- Name: reserva_equipa_equipamiento_id_26d8d847; Type: INDEX; Schema: public; Owner: postgres
--

CREATE INDEX reserva_equipa_equipamiento_id_26d8d847 ON public.reserva_equipa USING btree (equipamiento_id);


--
-- Name: reserva_equipa_reservacion_id_0b171f76; Type: INDEX; Schema: public; Owner: postgres
--

CREATE INDEX reserva_equipa_reservacion_id_0b171f76 ON public.reserva_equipa USING btree (reservacion_id);


--
-- Name: reserva_servicio_reservacion_id_93bbde60; Type: INDEX; Schema: public; Owner: postgres
--

CREATE INDEX reserva_servicio_reservacion_id_93bbde60 ON public.reserva_servicio USING btree (reservacion_id);


--
-- Name: reserva_servicio_servicio_id_5def8690; Type: INDEX; Schema: public; Owner: postgres
--

CREATE INDEX reserva_servicio_servicio_id_5def8690 ON public.reserva_servicio USING btree (servicio_id);


--
-- Name: reservacion_cliente_id_88926292; Type: INDEX; Schema: public; Owner: postgres
--

CREATE INDEX reservacion_cliente_id_88926292 ON public.reservacion USING btree (cliente_id);


--
-- Name: reservacion_estado_reserva_id_8cb72091; Type: INDEX; Schema: public; Owner: postgres
--

CREATE INDEX reservacion_estado_reserva_id_8cb72091 ON public.reservacion USING btree (estado_reserva_id);


--
-- Name: reservacion_estado_reserva_id_8cb72091_like; Type: INDEX; Schema: public; Owner: postgres
--

CREATE INDEX reservacion_estado_reserva_id_8cb72091_like ON public.reservacion USING btree (estado_reserva_id varchar_pattern_ops);


--
-- Name: reservacion_montaje_id_f3642367; Type: INDEX; Schema: public; Owner: postgres
--

CREATE INDEX reservacion_montaje_id_f3642367 ON public.reservacion USING btree (montaje_id);


--
-- Name: reservacion_tipo_evento_id_fa708b83; Type: INDEX; Schema: public; Owner: postgres
--

CREATE INDEX reservacion_tipo_evento_id_fa708b83 ON public.reservacion USING btree (tipo_evento_id);


--
-- Name: reservacion_trabajador_id_97a6d485; Type: INDEX; Schema: public; Owner: postgres
--

CREATE INDEX reservacion_trabajador_id_97a6d485 ON public.reservacion USING btree (trabajador_id);


--
-- Name: reservacion_trabajador_id_97a6d485_like; Type: INDEX; Schema: public; Owner: postgres
--

CREATE INDEX reservacion_trabajador_id_97a6d485_like ON public.reservacion USING btree (trabajador_id varchar_pattern_ops);


--
-- Name: rol_codigo_13ae6e82_like; Type: INDEX; Schema: public; Owner: postgres
--

CREATE INDEX rol_codigo_13ae6e82_like ON public.rol USING btree (codigo varchar_pattern_ops);


--
-- Name: rol_nombre_ab94fcd3_like; Type: INDEX; Schema: public; Owner: postgres
--

CREATE INDEX rol_nombre_ab94fcd3_like ON public.rol USING btree (nombre varchar_pattern_ops);


--
-- Name: salon_estado_salon_id_f03c9bd4; Type: INDEX; Schema: public; Owner: postgres
--

CREATE INDEX salon_estado_salon_id_f03c9bd4 ON public.salon USING btree (estado_salon_id);


--
-- Name: salon_estado_salon_id_f03c9bd4_like; Type: INDEX; Schema: public; Owner: postgres
--

CREATE INDEX salon_estado_salon_id_f03c9bd4_like ON public.salon USING btree (estado_salon_id varchar_pattern_ops);


--
-- Name: servicio_tipo_servicio_id_a92b2abd; Type: INDEX; Schema: public; Owner: postgres
--

CREATE INDEX servicio_tipo_servicio_id_a92b2abd ON public.servicio USING btree (tipo_servicio_id);


--
-- Name: tipo_cliente_codigo_0e4eafff_like; Type: INDEX; Schema: public; Owner: postgres
--

CREATE INDEX tipo_cliente_codigo_0e4eafff_like ON public.tipo_cliente USING btree (codigo varchar_pattern_ops);


--
-- Name: trabajador_correo_electronico_004573a2_like; Type: INDEX; Schema: public; Owner: postgres
--

CREATE INDEX trabajador_correo_electronico_004573a2_like ON public.trabajador USING btree (correo_electronico varchar_pattern_ops);


--
-- Name: trabajador_cuenta_id_7c90f712; Type: INDEX; Schema: public; Owner: postgres
--

CREATE INDEX trabajador_cuenta_id_7c90f712 ON public.trabajador USING btree (cuenta_id);


--
-- Name: trabajador_no_empleado_dcd0315f_like; Type: INDEX; Schema: public; Owner: postgres
--

CREATE INDEX trabajador_no_empleado_dcd0315f_like ON public.trabajador USING btree (no_empleado varchar_pattern_ops);


--
-- Name: trabajador_rol_id_f6315938; Type: INDEX; Schema: public; Owner: postgres
--

CREATE INDEX trabajador_rol_id_f6315938 ON public.trabajador USING btree (rol_id);


--
-- Name: trabajador_rol_id_f6315938_like; Type: INDEX; Schema: public; Owner: postgres
--

CREATE INDEX trabajador_rol_id_f6315938_like ON public.trabajador USING btree (rol_id varchar_pattern_ops);


--
-- Name: auth_group_permissions auth_group_permissio_permission_id_84c5c92e_fk_auth_perm; Type: FK CONSTRAINT; Schema: public; Owner: postgres
--

ALTER TABLE ONLY public.auth_group_permissions
    ADD CONSTRAINT auth_group_permissio_permission_id_84c5c92e_fk_auth_perm FOREIGN KEY (permission_id) REFERENCES public.auth_permission(id) DEFERRABLE INITIALLY DEFERRED;


--
-- Name: auth_group_permissions auth_group_permissions_group_id_b120cbf9_fk_auth_group_id; Type: FK CONSTRAINT; Schema: public; Owner: postgres
--

ALTER TABLE ONLY public.auth_group_permissions
    ADD CONSTRAINT auth_group_permissions_group_id_b120cbf9_fk_auth_group_id FOREIGN KEY (group_id) REFERENCES public.auth_group(id) DEFERRABLE INITIALLY DEFERRED;


--
-- Name: auth_permission auth_permission_content_type_id_2f476e4b_fk_django_co; Type: FK CONSTRAINT; Schema: public; Owner: postgres
--

ALTER TABLE ONLY public.auth_permission
    ADD CONSTRAINT auth_permission_content_type_id_2f476e4b_fk_django_co FOREIGN KEY (content_type_id) REFERENCES public.django_content_type(id) DEFERRABLE INITIALLY DEFERRED;


--
-- Name: auth_user_groups auth_user_groups_group_id_97559544_fk_auth_group_id; Type: FK CONSTRAINT; Schema: public; Owner: postgres
--

ALTER TABLE ONLY public.auth_user_groups
    ADD CONSTRAINT auth_user_groups_group_id_97559544_fk_auth_group_id FOREIGN KEY (group_id) REFERENCES public.auth_group(id) DEFERRABLE INITIALLY DEFERRED;


--
-- Name: auth_user_groups auth_user_groups_user_id_6a12ed8b_fk_auth_user_id; Type: FK CONSTRAINT; Schema: public; Owner: postgres
--

ALTER TABLE ONLY public.auth_user_groups
    ADD CONSTRAINT auth_user_groups_user_id_6a12ed8b_fk_auth_user_id FOREIGN KEY (user_id) REFERENCES public.auth_user(id) DEFERRABLE INITIALLY DEFERRED;


--
-- Name: auth_user_user_permissions auth_user_user_permi_permission_id_1fbb5f2c_fk_auth_perm; Type: FK CONSTRAINT; Schema: public; Owner: postgres
--

ALTER TABLE ONLY public.auth_user_user_permissions
    ADD CONSTRAINT auth_user_user_permi_permission_id_1fbb5f2c_fk_auth_perm FOREIGN KEY (permission_id) REFERENCES public.auth_permission(id) DEFERRABLE INITIALLY DEFERRED;


--
-- Name: auth_user_user_permissions auth_user_user_permissions_user_id_a95ead1b_fk_auth_user_id; Type: FK CONSTRAINT; Schema: public; Owner: postgres
--

ALTER TABLE ONLY public.auth_user_user_permissions
    ADD CONSTRAINT auth_user_user_permissions_user_id_a95ead1b_fk_auth_user_id FOREIGN KEY (user_id) REFERENCES public.auth_user(id) DEFERRABLE INITIALLY DEFERRED;


--
-- Name: cuenta cuenta_estado_cuenta_id_da82fe13_fk_estado_cuenta_codigo; Type: FK CONSTRAINT; Schema: public; Owner: postgres
--

ALTER TABLE ONLY public.cuenta
    ADD CONSTRAINT cuenta_estado_cuenta_id_da82fe13_fk_estado_cuenta_codigo FOREIGN KEY (estado_cuenta_id) REFERENCES public.estado_cuenta(codigo) DEFERRABLE INITIALLY DEFERRED;


--
-- Name: datos_cliente datos_cliente_cuenta_id_1a241c4e_fk_cuenta_id; Type: FK CONSTRAINT; Schema: public; Owner: postgres
--

ALTER TABLE ONLY public.datos_cliente
    ADD CONSTRAINT datos_cliente_cuenta_id_1a241c4e_fk_cuenta_id FOREIGN KEY (cuenta_id) REFERENCES public.cuenta(id) DEFERRABLE INITIALLY DEFERRED;


--
-- Name: datos_cliente datos_cliente_tipo_cliente_id_b573971f_fk_tipo_cliente_codigo; Type: FK CONSTRAINT; Schema: public; Owner: postgres
--

ALTER TABLE ONLY public.datos_cliente
    ADD CONSTRAINT datos_cliente_tipo_cliente_id_b573971f_fk_tipo_cliente_codigo FOREIGN KEY (tipo_cliente_id) REFERENCES public.tipo_cliente(codigo) DEFERRABLE INITIALLY DEFERRED;


--
-- Name: django_admin_log django_admin_log_content_type_id_c4bce8eb_fk_django_co; Type: FK CONSTRAINT; Schema: public; Owner: postgres
--

ALTER TABLE ONLY public.django_admin_log
    ADD CONSTRAINT django_admin_log_content_type_id_c4bce8eb_fk_django_co FOREIGN KEY (content_type_id) REFERENCES public.django_content_type(id) DEFERRABLE INITIALLY DEFERRED;


--
-- Name: django_admin_log django_admin_log_user_id_c564eba6_fk_auth_user_id; Type: FK CONSTRAINT; Schema: public; Owner: postgres
--

ALTER TABLE ONLY public.django_admin_log
    ADD CONSTRAINT django_admin_log_user_id_c564eba6_fk_auth_user_id FOREIGN KEY (user_id) REFERENCES public.auth_user(id) DEFERRABLE INITIALLY DEFERRED;


--
-- Name: encuesta encuesta_reservacion_id_9bbd360d_fk_reservacion_id; Type: FK CONSTRAINT; Schema: public; Owner: postgres
--

ALTER TABLE ONLY public.encuesta
    ADD CONSTRAINT encuesta_reservacion_id_9bbd360d_fk_reservacion_id FOREIGN KEY (reservacion_id) REFERENCES public.reservacion(id) DEFERRABLE INITIALLY DEFERRED;


--
-- Name: equipamiento equipamiento_tipo_equipa_id_6021d437_fk_tipo_equipa_id; Type: FK CONSTRAINT; Schema: public; Owner: postgres
--

ALTER TABLE ONLY public.equipamiento
    ADD CONSTRAINT equipamiento_tipo_equipa_id_6021d437_fk_tipo_equipa_id FOREIGN KEY (tipo_equipa_id) REFERENCES public.tipo_equipa(id) DEFERRABLE INITIALLY DEFERRED;


--
-- Name: inventario_equipa inventario_equipa_equipamiento_id_919efa50_fk_equipamiento_id; Type: FK CONSTRAINT; Schema: public; Owner: postgres
--

ALTER TABLE ONLY public.inventario_equipa
    ADD CONSTRAINT inventario_equipa_equipamiento_id_919efa50_fk_equipamiento_id FOREIGN KEY (equipamiento_id) REFERENCES public.equipamiento(id) DEFERRABLE INITIALLY DEFERRED;


--
-- Name: inventario_equipa inventario_equipa_estado_equipa_id_08c3eee0_fk_estado_eq; Type: FK CONSTRAINT; Schema: public; Owner: postgres
--

ALTER TABLE ONLY public.inventario_equipa
    ADD CONSTRAINT inventario_equipa_estado_equipa_id_08c3eee0_fk_estado_eq FOREIGN KEY (estado_equipa_id) REFERENCES public.estado_equipa(codigo) DEFERRABLE INITIALLY DEFERRED;


--
-- Name: inventario_mobil inventario_mobil_estado_mobil_id_63c376f7_fk_estado_mo; Type: FK CONSTRAINT; Schema: public; Owner: postgres
--

ALTER TABLE ONLY public.inventario_mobil
    ADD CONSTRAINT inventario_mobil_estado_mobil_id_63c376f7_fk_estado_mo FOREIGN KEY (estado_mobil_id) REFERENCES public.estado_mobil(codigo) DEFERRABLE INITIALLY DEFERRED;


--
-- Name: inventario_mobil inventario_mobil_mobiliario_id_bdd44c7b_fk_mobiliario_id; Type: FK CONSTRAINT; Schema: public; Owner: postgres
--

ALTER TABLE ONLY public.inventario_mobil
    ADD CONSTRAINT inventario_mobil_mobiliario_id_bdd44c7b_fk_mobiliario_id FOREIGN KEY (mobiliario_id) REFERENCES public.mobiliario(id) DEFERRABLE INITIALLY DEFERRED;


--
-- Name: mobiliario_descripcion_mob mobiliario_descripci_caractermobil_id_2dbdf09e_fk_caracter_; Type: FK CONSTRAINT; Schema: public; Owner: postgres
--

ALTER TABLE ONLY public.mobiliario_descripcion_mob
    ADD CONSTRAINT mobiliario_descripci_caractermobil_id_2dbdf09e_fk_caracter_ FOREIGN KEY (caractermobil_id) REFERENCES public.caracter_mobi(id) DEFERRABLE INITIALLY DEFERRED;


--
-- Name: mobiliario_descripcion_mob mobiliario_descripci_mobiliario_id_4edf83ce_fk_mobiliari; Type: FK CONSTRAINT; Schema: public; Owner: postgres
--

ALTER TABLE ONLY public.mobiliario_descripcion_mob
    ADD CONSTRAINT mobiliario_descripci_mobiliario_id_4edf83ce_fk_mobiliari FOREIGN KEY (mobiliario_id) REFERENCES public.mobiliario(id) DEFERRABLE INITIALLY DEFERRED;


--
-- Name: mobiliario mobiliario_tipo_movil_id_56c345c4_fk_tipo_mobil_id; Type: FK CONSTRAINT; Schema: public; Owner: postgres
--

ALTER TABLE ONLY public.mobiliario
    ADD CONSTRAINT mobiliario_tipo_movil_id_56c345c4_fk_tipo_mobil_id FOREIGN KEY (tipo_movil_id) REFERENCES public.tipo_mobil(id) DEFERRABLE INITIALLY DEFERRED;


--
-- Name: montaje_mobiliario montaje_mobilairio_mobiliario_id_c96f85b8_fk_mobiliario_id; Type: FK CONSTRAINT; Schema: public; Owner: postgres
--

ALTER TABLE ONLY public.montaje_mobiliario
    ADD CONSTRAINT montaje_mobilairio_mobiliario_id_c96f85b8_fk_mobiliario_id FOREIGN KEY (mobiliario_id) REFERENCES public.mobiliario(id) DEFERRABLE INITIALLY DEFERRED;


--
-- Name: montaje_mobiliario montaje_mobilairio_montaje_id_01d9cb23_fk_montaje_id; Type: FK CONSTRAINT; Schema: public; Owner: postgres
--

ALTER TABLE ONLY public.montaje_mobiliario
    ADD CONSTRAINT montaje_mobilairio_montaje_id_01d9cb23_fk_montaje_id FOREIGN KEY (montaje_id) REFERENCES public.montaje(id) DEFERRABLE INITIALLY DEFERRED;


--
-- Name: montaje montaje_salon_id_b5f87ced_fk_salon_id; Type: FK CONSTRAINT; Schema: public; Owner: postgres
--

ALTER TABLE ONLY public.montaje
    ADD CONSTRAINT montaje_salon_id_b5f87ced_fk_salon_id FOREIGN KEY (salon_id) REFERENCES public.salon(id) DEFERRABLE INITIALLY DEFERRED;


--
-- Name: montaje montaje_tipo_montaje_id_9d5bfdc9_fk_tipo_montaje_id; Type: FK CONSTRAINT; Schema: public; Owner: postgres
--

ALTER TABLE ONLY public.montaje
    ADD CONSTRAINT montaje_tipo_montaje_id_9d5bfdc9_fk_tipo_montaje_id FOREIGN KEY (tipo_montaje_id) REFERENCES public.tipo_montaje(id) DEFERRABLE INITIALLY DEFERRED;


--
-- Name: pago pago_concepto_pago_id_fd93a518_fk_concepto_pago_codigo; Type: FK CONSTRAINT; Schema: public; Owner: postgres
--

ALTER TABLE ONLY public.pago
    ADD CONSTRAINT pago_concepto_pago_id_fd93a518_fk_concepto_pago_codigo FOREIGN KEY (concepto_pago_id) REFERENCES public.concepto_pago(codigo) DEFERRABLE INITIALLY DEFERRED;


--
-- Name: pago pago_metodo_pago_id_a0b7dc7c_fk_metodo_pago_codigo; Type: FK CONSTRAINT; Schema: public; Owner: postgres
--

ALTER TABLE ONLY public.pago
    ADD CONSTRAINT pago_metodo_pago_id_a0b7dc7c_fk_metodo_pago_codigo FOREIGN KEY (metodo_pago_id) REFERENCES public.metodo_pago(codigo) DEFERRABLE INITIALLY DEFERRED;


--
-- Name: pago pago_reservacion_id_26479676_fk_reservacion_id; Type: FK CONSTRAINT; Schema: public; Owner: postgres
--

ALTER TABLE ONLY public.pago
    ADD CONSTRAINT pago_reservacion_id_26479676_fk_reservacion_id FOREIGN KEY (reservacion_id) REFERENCES public.reservacion(id) DEFERRABLE INITIALLY DEFERRED;


--
-- Name: registr_esta_reserva registr_esta_reserva_estado_reserva_id_644e722d_fk_estado_re; Type: FK CONSTRAINT; Schema: public; Owner: postgres
--

ALTER TABLE ONLY public.registr_esta_reserva
    ADD CONSTRAINT registr_esta_reserva_estado_reserva_id_644e722d_fk_estado_re FOREIGN KEY (estado_reserva_id) REFERENCES public.estado_reserva(codigo) DEFERRABLE INITIALLY DEFERRED;


--
-- Name: registr_esta_reserva registr_esta_reserva_reservacion_id_5fc3eef8_fk_reservacion_id; Type: FK CONSTRAINT; Schema: public; Owner: postgres
--

ALTER TABLE ONLY public.registr_esta_reserva
    ADD CONSTRAINT registr_esta_reserva_reservacion_id_5fc3eef8_fk_reservacion_id FOREIGN KEY (reservacion_id) REFERENCES public.reservacion(id) DEFERRABLE INITIALLY DEFERRED;


--
-- Name: registr_esta_salon registr_esta_salon_estado_salon_id_548a8918_fk_estado_sa; Type: FK CONSTRAINT; Schema: public; Owner: postgres
--

ALTER TABLE ONLY public.registr_esta_salon
    ADD CONSTRAINT registr_esta_salon_estado_salon_id_548a8918_fk_estado_sa FOREIGN KEY (estado_salon_id) REFERENCES public.estado_salon(codigo) DEFERRABLE INITIALLY DEFERRED;


--
-- Name: registr_esta_salon registr_esta_salon_salon_id_adbf1493_fk_salon_id; Type: FK CONSTRAINT; Schema: public; Owner: postgres
--

ALTER TABLE ONLY public.registr_esta_salon
    ADD CONSTRAINT registr_esta_salon_salon_id_adbf1493_fk_salon_id FOREIGN KEY (salon_id) REFERENCES public.salon(id) DEFERRABLE INITIALLY DEFERRED;


--
-- Name: reserva_equipa reserva_equipa_equipamiento_id_26d8d847_fk_equipamiento_id; Type: FK CONSTRAINT; Schema: public; Owner: postgres
--

ALTER TABLE ONLY public.reserva_equipa
    ADD CONSTRAINT reserva_equipa_equipamiento_id_26d8d847_fk_equipamiento_id FOREIGN KEY (equipamiento_id) REFERENCES public.equipamiento(id) DEFERRABLE INITIALLY DEFERRED;


--
-- Name: reserva_equipa reserva_equipa_reservacion_id_0b171f76_fk_reservacion_id; Type: FK CONSTRAINT; Schema: public; Owner: postgres
--

ALTER TABLE ONLY public.reserva_equipa
    ADD CONSTRAINT reserva_equipa_reservacion_id_0b171f76_fk_reservacion_id FOREIGN KEY (reservacion_id) REFERENCES public.reservacion(id) DEFERRABLE INITIALLY DEFERRED;


--
-- Name: reserva_servicio reserva_servicio_reservacion_id_93bbde60_fk_reservacion_id; Type: FK CONSTRAINT; Schema: public; Owner: postgres
--

ALTER TABLE ONLY public.reserva_servicio
    ADD CONSTRAINT reserva_servicio_reservacion_id_93bbde60_fk_reservacion_id FOREIGN KEY (reservacion_id) REFERENCES public.reservacion(id) DEFERRABLE INITIALLY DEFERRED;


--
-- Name: reserva_servicio reserva_servicio_servicio_id_5def8690_fk_servicio_id; Type: FK CONSTRAINT; Schema: public; Owner: postgres
--

ALTER TABLE ONLY public.reserva_servicio
    ADD CONSTRAINT reserva_servicio_servicio_id_5def8690_fk_servicio_id FOREIGN KEY (servicio_id) REFERENCES public.servicio(id) DEFERRABLE INITIALLY DEFERRED;


--
-- Name: reservacion reservacion_cliente_id_88926292_fk_datos_cliente_id; Type: FK CONSTRAINT; Schema: public; Owner: postgres
--

ALTER TABLE ONLY public.reservacion
    ADD CONSTRAINT reservacion_cliente_id_88926292_fk_datos_cliente_id FOREIGN KEY (cliente_id) REFERENCES public.datos_cliente(id) DEFERRABLE INITIALLY DEFERRED;


--
-- Name: reservacion reservacion_estado_reserva_id_8cb72091_fk_estado_reserva_codigo; Type: FK CONSTRAINT; Schema: public; Owner: postgres
--

ALTER TABLE ONLY public.reservacion
    ADD CONSTRAINT reservacion_estado_reserva_id_8cb72091_fk_estado_reserva_codigo FOREIGN KEY (estado_reserva_id) REFERENCES public.estado_reserva(codigo) DEFERRABLE INITIALLY DEFERRED;


--
-- Name: reservacion reservacion_montaje_id_f3642367_fk_montaje_id; Type: FK CONSTRAINT; Schema: public; Owner: postgres
--

ALTER TABLE ONLY public.reservacion
    ADD CONSTRAINT reservacion_montaje_id_f3642367_fk_montaje_id FOREIGN KEY (montaje_id) REFERENCES public.montaje(id) DEFERRABLE INITIALLY DEFERRED;


--
-- Name: reservacion reservacion_tipo_evento_id_fa708b83_fk_tipo_evento_id; Type: FK CONSTRAINT; Schema: public; Owner: postgres
--

ALTER TABLE ONLY public.reservacion
    ADD CONSTRAINT reservacion_tipo_evento_id_fa708b83_fk_tipo_evento_id FOREIGN KEY (tipo_evento_id) REFERENCES public.tipo_evento(id) DEFERRABLE INITIALLY DEFERRED;


--
-- Name: reservacion reservacion_trabajador_id_97a6d485_fk_trabajador_no_empleado; Type: FK CONSTRAINT; Schema: public; Owner: postgres
--

ALTER TABLE ONLY public.reservacion
    ADD CONSTRAINT reservacion_trabajador_id_97a6d485_fk_trabajador_no_empleado FOREIGN KEY (trabajador_id) REFERENCES public.trabajador(no_empleado) DEFERRABLE INITIALLY DEFERRED;


--
-- Name: salon salon_estado_salon_id_f03c9bd4_fk_estado_salon_codigo; Type: FK CONSTRAINT; Schema: public; Owner: postgres
--

ALTER TABLE ONLY public.salon
    ADD CONSTRAINT salon_estado_salon_id_f03c9bd4_fk_estado_salon_codigo FOREIGN KEY (estado_salon_id) REFERENCES public.estado_salon(codigo) DEFERRABLE INITIALLY DEFERRED;


--
-- Name: servicio servicio_tipo_servicio_id_a92b2abd_fk_tipo_servicio_id; Type: FK CONSTRAINT; Schema: public; Owner: postgres
--

ALTER TABLE ONLY public.servicio
    ADD CONSTRAINT servicio_tipo_servicio_id_a92b2abd_fk_tipo_servicio_id FOREIGN KEY (tipo_servicio_id) REFERENCES public.tipo_servicio(id) DEFERRABLE INITIALLY DEFERRED;


--
-- Name: trabajador trabajador_cuenta_id_7c90f712_fk_cuenta_id; Type: FK CONSTRAINT; Schema: public; Owner: postgres
--

ALTER TABLE ONLY public.trabajador
    ADD CONSTRAINT trabajador_cuenta_id_7c90f712_fk_cuenta_id FOREIGN KEY (cuenta_id) REFERENCES public.cuenta(id) DEFERRABLE INITIALLY DEFERRED;


--
-- Name: trabajador trabajador_rol_id_f6315938_fk_rol_codigo; Type: FK CONSTRAINT; Schema: public; Owner: postgres
--

ALTER TABLE ONLY public.trabajador
    ADD CONSTRAINT trabajador_rol_id_f6315938_fk_rol_codigo FOREIGN KEY (rol_id) REFERENCES public.rol(codigo) DEFERRABLE INITIALLY DEFERRED;


--
-- PostgreSQL database dump complete
--

\unrestrict wbUf1zUA2dmcTLJAQgjeNukCNnkthvsoF9GYACF5zy4XM2ck1YRAcRWVwJ6GB8q

